,name,group_order,prd_tuples
0,A_2^1,2,"[(2, 1, 1)]"
1,B_2^1,2,"[(2, 1, 2)]"
2,A_3^1,3,"[(3, 1, 1)]"
3,B_3^1,3,"[(3, 1, 2)]"
4,A_2^2,4,"[(2, 2, 1)]"
5,B_2^2,4,"[(2, 2, 2)]"
6,C_2^2,4,"[(2, 2, 3)]"
7,D_2^2,4,"[(2, 2, 4)]"
8,A_2^1+A_2^1,4,"[(2, 1, 1), (2, 1, 1)]"
9,A_2^1+B_2^1,4,"[(2, 1, 1), (2, 1, 2)]"
10,B_2^1+B_2^1,4,"[(2, 1, 2), (2, 1, 2)]"
11,E_2^1,4,"[(2, 1, 5)]"
12,F_2^1,4,"[(2, 1, 6)]"
13,A_5^1,5,"[(5, 1, 1)]"
14,B_5^1,5,"[(5, 1, 2)]"
15,A_2^1+A_3^1,6,"[(2, 1, 1), (3, 1, 1)]"
16,B_2^1+A_3^1,6,"[(2, 1, 2), (3, 1, 1)]"
17,A_2^1+B_3^1,6,"[(2, 1, 1), (3, 1, 2)]"
18,B_2^1+B_3^1,6,"[(2, 1, 2), (3, 1, 2)]"
19,A_7^1,7,"[(7, 1, 1)]"
20,B_7^1,7,"[(7, 1, 2)]"
21,A_2^3,8,"[(2, 3, 1)]"
22,B_2^3,8,"[(2, 3, 2)]"
23,C_2^3,8,"[(2, 3, 3)]"
24,D_2^3,8,"[(2, 3, 4)]"
25,A_2^2+A_2^1,8,"[(2, 2, 1), (2, 1, 1)]"
26,B_2^2+A_2^1,8,"[(2, 2, 2), (2, 1, 1)]"
27,C_2^2+A_2^1,8,"[(2, 2, 3), (2, 1, 1)]"
28,D_2^2+A_2^1,8,"[(2, 2, 4), (2, 1, 1)]"
29,A_2^1+A_2^1+A_2^1,8,"[(2, 1, 1), (2, 1, 1), (2, 1, 1)]"
30,A_2^1+A_2^1+B_2^1,8,"[(2, 1, 1), (2, 1, 1), (2, 1, 2)]"
31,A_2^1+B_2^1+B_2^1,8,"[(2, 1, 1), (2, 1, 2), (2, 1, 2)]"
32,B_2^1+B_2^1+B_2^1,8,"[(2, 1, 2), (2, 1, 2), (2, 1, 2)]"
33,A_3^2,9,"[(3, 2, 1)]"
34,B_3^2,9,"[(3, 2, 2)]"
35,A_3^1+A_3^1,9,"[(3, 1, 1), (3, 1, 1)]"
36,A_2^1+A_5^1,10,"[(2, 1, 1), (5, 1, 1)]"
37,B_2^1+A_5^1,10,"[(2, 1, 2), (5, 1, 1)]"
38,A_2^1+B_5^1,10,"[(2, 1, 1), (5, 1, 2)]"
39,B_2^1+B_5^1,10,"[(2, 1, 2), (5, 1, 2)]"
40,A_11^1,11,"[(11, 1, 1)]"
41,B_11^1,11,"[(11, 1, 2)]"
42,A_2^2+A_3^1,12,"[(2, 2, 1), (3, 1, 1)]"
43,B_2^2+A_3^1,12,"[(2, 2, 2), (3, 1, 1)]"
44,C_2^2+A_3^1,12,"[(2, 2, 3), (3, 1, 1)]"
45,D_2^2+A_3^1,12,"[(2, 2, 4), (3, 1, 1)]"
46,A_2^2+B_3^1,12,"[(2, 2, 1), (3, 1, 2)]"
47,B_2^2+B_3^1,12,"[(2, 2, 2), (3, 1, 2)]"
48,C_2^2+B_3^1,12,"[(2, 2, 3), (3, 1, 2)]"
49,D_2^2+B_3^1,12,"[(2, 2, 4), (3, 1, 2)]"
50,A_2^1+A_2^1+A_3^1,12,"[(2, 1, 1), (2, 1, 1), (3, 1, 1)]"
51,A_2^1+B_2^1+A_3^1,12,"[(2, 1, 1), (2, 1, 2), (3, 1, 1)]"
52,B_2^1+B_2^1+A_3^1,12,"[(2, 1, 2), (2, 1, 2), (3, 1, 1)]"
53,E_2^1+A_3^1,12,"[(2, 1, 5), (3, 1, 1)]"
54,F_2^1+A_3^1,12,"[(2, 1, 6), (3, 1, 1)]"
55,A_2^1+A_2^1+B_3^1,12,"[(2, 1, 1), (2, 1, 1), (3, 1, 2)]"
56,A_2^1+B_2^1+B_3^1,12,"[(2, 1, 1), (2, 1, 2), (3, 1, 2)]"
57,B_2^1+B_2^1+B_3^1,12,"[(2, 1, 2), (2, 1, 2), (3, 1, 2)]"
58,E_2^1+B_3^1,12,"[(2, 1, 5), (3, 1, 2)]"
59,F_2^1+B_3^1,12,"[(2, 1, 6), (3, 1, 2)]"
60,A_13^1,13,"[(13, 1, 1)]"
61,B_13^1,13,"[(13, 1, 2)]"
62,A_2^1+A_7^1,14,"[(2, 1, 1), (7, 1, 1)]"
63,B_2^1+A_7^1,14,"[(2, 1, 2), (7, 1, 1)]"
64,A_2^1+B_7^1,14,"[(2, 1, 1), (7, 1, 2)]"
65,B_2^1+B_7^1,14,"[(2, 1, 2), (7, 1, 2)]"
66,A_3^1+A_5^1,15,"[(3, 1, 1), (5, 1, 1)]"
67,B_3^1+A_5^1,15,"[(3, 1, 2), (5, 1, 1)]"
68,A_3^1+B_5^1,15,"[(3, 1, 1), (5, 1, 2)]"
69,B_3^1+B_5^1,15,"[(3, 1, 2), (5, 1, 2)]"
70,A_2^4,16,"[(2, 4, 1)]"
71,B_2^4,16,"[(2, 4, 2)]"
72,C_2^4,16,"[(2, 4, 3)]"
73,D_2^4,16,"[(2, 4, 4)]"
74,A_2^3+A_2^1,16,"[(2, 3, 1), (2, 1, 1)]"
75,B_2^3+A_2^1,16,"[(2, 3, 2), (2, 1, 1)]"
76,A_2^3+B_2^1,16,"[(2, 3, 1), (2, 1, 2)]"
77,B_2^3+B_2^1,16,"[(2, 3, 2), (2, 1, 2)]"
78,A_2^2+A_2^2,16,"[(2, 2, 1), (2, 2, 1)]"
79,A_2^2+B_2^2,16,"[(2, 2, 1), (2, 2, 2)]"
80,B_2^2+B_2^2,16,"[(2, 2, 2), (2, 2, 2)]"
81,A_2^2+C_2^2,16,"[(2, 2, 1), (2, 2, 3)]"
82,B_2^2+C_2^2,16,"[(2, 2, 2), (2, 2, 3)]"
83,B_2^2+D_2^2,16,"[(2, 2, 2), (2, 2, 4)]"
84,E_2^2,16,"[(2, 2, 5)]"
85,F_2^2,16,"[(2, 2, 6)]"
86,A_2^2+A_2^1+A_2^1,16,"[(2, 2, 1), (2, 1, 1), (2, 1, 1)]"
87,B_2^2+A_2^1+A_2^1,16,"[(2, 2, 2), (2, 1, 1), (2, 1, 1)]"
88,C_2^2+A_2^1+A_2^1,16,"[(2, 2, 3), (2, 1, 1), (2, 1, 1)]"
89,D_2^2+A_2^1+A_2^1,16,"[(2, 2, 4), (2, 1, 1), (2, 1, 1)]"
90,A_2^2+E_2^1,16,"[(2, 2, 1), (2, 1, 5)]"
91,B_2^2+E_2^1,16,"[(2, 2, 2), (2, 1, 5)]"
92,C_2^2+E_2^1,16,"[(2, 2, 3), (2, 1, 5)]"
93,D_2^2+E_2^1,16,"[(2, 2, 4), (2, 1, 5)]"
94,A_2^1+A_2^1+A_2^1+A_2^1,16,"[(2, 1, 1), (2, 1, 1), (2, 1, 1), (2, 1, 1)]"
95,A_2^1+A_2^1+A_2^1+B_2^1,16,"[(2, 1, 1), (2, 1, 1), (2, 1, 1), (2, 1, 2)]"
96,A_2^1+A_2^1+B_2^1+B_2^1,16,"[(2, 1, 1), (2, 1, 1), (2, 1, 2), (2, 1, 2)]"
97,A_2^1+B_2^1+B_2^1+B_2^1,16,"[(2, 1, 1), (2, 1, 2), (2, 1, 2), (2, 1, 2)]"
98,E_2^1+E_2^1,16,"[(2, 1, 5), (2, 1, 5)]"
99,E_2^1+F_2^1,16,"[(2, 1, 5), (2, 1, 6)]"
100,A_17^1,17,"[(17, 1, 1)]"
101,B_17^1,17,"[(17, 1, 2)]"
102,A_2^1+A_3^2,18,"[(2, 1, 1), (3, 2, 1)]"
103,B_2^1+A_3^2,18,"[(2, 1, 2), (3, 2, 1)]"
104,A_2^1+B_3^2,18,"[(2, 1, 1), (3, 2, 2)]"
105,B_2^1+B_3^2,18,"[(2, 1, 2), (3, 2, 2)]"
106,A_2^1+A_3^1+A_3^1,18,"[(2, 1, 1), (3, 1, 1), (3, 1, 1)]"
107,B_2^1+A_3^1+A_3^1,18,"[(2, 1, 2), (3, 1, 1), (3, 1, 1)]"
108,A_19^1,19,"[(19, 1, 1)]"
109,B_19^1,19,"[(19, 1, 2)]"
110,A_2^2+A_5^1,20,"[(2, 2, 1), (5, 1, 1)]"
111,B_2^2+A_5^1,20,"[(2, 2, 2), (5, 1, 1)]"
112,C_2^2+A_5^1,20,"[(2, 2, 3), (5, 1, 1)]"
113,D_2^2+A_5^1,20,"[(2, 2, 4), (5, 1, 1)]"
114,A_2^2+B_5^1,20,"[(2, 2, 1), (5, 1, 2)]"
115,B_2^2+B_5^1,20,"[(2, 2, 2), (5, 1, 2)]"
116,C_2^2+B_5^1,20,"[(2, 2, 3), (5, 1, 2)]"
117,D_2^2+B_5^1,20,"[(2, 2, 4), (5, 1, 2)]"
118,A_2^1+A_2^1+A_5^1,20,"[(2, 1, 1), (2, 1, 1), (5, 1, 1)]"
119,A_2^1+B_2^1+A_5^1,20,"[(2, 1, 1), (2, 1, 2), (5, 1, 1)]"
120,B_2^1+B_2^1+A_5^1,20,"[(2, 1, 2), (2, 1, 2), (5, 1, 1)]"
121,E_2^1+A_5^1,20,"[(2, 1, 5), (5, 1, 1)]"
122,F_2^1+A_5^1,20,"[(2, 1, 6), (5, 1, 1)]"
123,A_2^1+A_2^1+B_5^1,20,"[(2, 1, 1), (2, 1, 1), (5, 1, 2)]"
124,A_2^1+B_2^1+B_5^1,20,"[(2, 1, 1), (2, 1, 2), (5, 1, 2)]"
125,B_2^1+B_2^1+B_5^1,20,"[(2, 1, 2), (2, 1, 2), (5, 1, 2)]"
126,E_2^1+B_5^1,20,"[(2, 1, 5), (5, 1, 2)]"
127,F_2^1+B_5^1,20,"[(2, 1, 6), (5, 1, 2)]"
128,A_3^1+A_7^1,21,"[(3, 1, 1), (7, 1, 1)]"
129,B_3^1+A_7^1,21,"[(3, 1, 2), (7, 1, 1)]"
130,A_3^1+B_7^1,21,"[(3, 1, 1), (7, 1, 2)]"
131,B_3^1+B_7^1,21,"[(3, 1, 2), (7, 1, 2)]"
132,A_2^1+A_11^1,22,"[(2, 1, 1), (11, 1, 1)]"
133,B_2^1+A_11^1,22,"[(2, 1, 2), (11, 1, 1)]"
134,A_2^1+B_11^1,22,"[(2, 1, 1), (11, 1, 2)]"
135,B_2^1+B_11^1,22,"[(2, 1, 2), (11, 1, 2)]"
136,A_23^1,23,"[(23, 1, 1)]"
137,B_23^1,23,"[(23, 1, 2)]"
138,A_2^3+A_3^1,24,"[(2, 3, 1), (3, 1, 1)]"
139,B_2^3+A_3^1,24,"[(2, 3, 2), (3, 1, 1)]"
140,C_2^3+A_3^1,24,"[(2, 3, 3), (3, 1, 1)]"
141,D_2^3+A_3^1,24,"[(2, 3, 4), (3, 1, 1)]"
142,A_2^3+B_3^1,24,"[(2, 3, 1), (3, 1, 2)]"
143,B_2^3+B_3^1,24,"[(2, 3, 2), (3, 1, 2)]"
144,C_2^3+B_3^1,24,"[(2, 3, 3), (3, 1, 2)]"
145,D_2^3+B_3^1,24,"[(2, 3, 4), (3, 1, 2)]"
146,A_2^2+A_2^1+A_3^1,24,"[(2, 2, 1), (2, 1, 1), (3, 1, 1)]"
147,B_2^2+A_2^1+A_3^1,24,"[(2, 2, 2), (2, 1, 1), (3, 1, 1)]"
148,C_2^2+A_2^1+A_3^1,24,"[(2, 2, 3), (2, 1, 1), (3, 1, 1)]"
149,D_2^2+A_2^1+A_3^1,24,"[(2, 2, 4), (2, 1, 1), (3, 1, 1)]"
150,A_2^2+A_2^1+B_3^1,24,"[(2, 2, 1), (2, 1, 1), (3, 1, 2)]"
151,B_2^2+A_2^1+B_3^1,24,"[(2, 2, 2), (2, 1, 1), (3, 1, 2)]"
152,C_2^2+A_2^1+B_3^1,24,"[(2, 2, 3), (2, 1, 1), (3, 1, 2)]"
153,D_2^2+A_2^1+B_3^1,24,"[(2, 2, 4), (2, 1, 1), (3, 1, 2)]"
154,A_2^1+A_2^1+A_2^1+A_3^1,24,"[(2, 1, 1), (2, 1, 1), (2, 1, 1), (3, 1, 1)]"
155,A_2^1+A_2^1+B_2^1+A_3^1,24,"[(2, 1, 1), (2, 1, 1), (2, 1, 2), (3, 1, 1)]"
156,A_2^1+B_2^1+B_2^1+A_3^1,24,"[(2, 1, 1), (2, 1, 2), (2, 1, 2), (3, 1, 1)]"
157,B_2^1+B_2^1+B_2^1+A_3^1,24,"[(2, 1, 2), (2, 1, 2), (2, 1, 2), (3, 1, 1)]"
158,A_2^1+A_2^1+A_2^1+B_3^1,24,"[(2, 1, 1), (2, 1, 1), (2, 1, 1), (3, 1, 2)]"
159,A_2^1+A_2^1+B_2^1+B_3^1,24,"[(2, 1, 1), (2, 1, 1), (2, 1, 2), (3, 1, 2)]"
160,A_2^1+B_2^1+B_2^1+B_3^1,24,"[(2, 1, 1), (2, 1, 2), (2, 1, 2), (3, 1, 2)]"
161,B_2^1+B_2^1+B_2^1+B_3^1,24,"[(2, 1, 2), (2, 1, 2), (2, 1, 2), (3, 1, 2)]"
162,A_5^2,25,"[(5, 2, 1)]"
163,B_5^2,25,"[(5, 2, 2)]"
164,A_5^1+A_5^1,25,"[(5, 1, 1), (5, 1, 1)]"
165,A_2^1+A_13^1,26,"[(2, 1, 1), (13, 1, 1)]"
166,B_2^1+A_13^1,26,"[(2, 1, 2), (13, 1, 1)]"
167,A_2^1+B_13^1,26,"[(2, 1, 1), (13, 1, 2)]"
168,B_2^1+B_13^1,26,"[(2, 1, 2), (13, 1, 2)]"
169,A_3^3,27,"[(3, 3, 1)]"
170,B_3^3,27,"[(3, 3, 2)]"
171,A_3^2+A_3^1,27,"[(3, 2, 1), (3, 1, 1)]"
172,B_3^2+A_3^1,27,"[(3, 2, 2), (3, 1, 1)]"
173,A_3^2+B_3^1,27,"[(3, 2, 1), (3, 1, 2)]"
174,B_3^2+B_3^1,27,"[(3, 2, 2), (3, 1, 2)]"
175,A_3^1+A_3^1+A_3^1,27,"[(3, 1, 1), (3, 1, 1), (3, 1, 1)]"
176,A_3^1+A_3^1+B_3^1,27,"[(3, 1, 1), (3, 1, 1), (3, 1, 2)]"
177,A_2^2+A_7^1,28,"[(2, 2, 1), (7, 1, 1)]"
178,B_2^2+A_7^1,28,"[(2, 2, 2), (7, 1, 1)]"
179,C_2^2+A_7^1,28,"[(2, 2, 3), (7, 1, 1)]"
180,D_2^2+A_7^1,28,"[(2, 2, 4), (7, 1, 1)]"
181,A_2^2+B_7^1,28,"[(2, 2, 1), (7, 1, 2)]"
182,B_2^2+B_7^1,28,"[(2, 2, 2), (7, 1, 2)]"
183,C_2^2+B_7^1,28,"[(2, 2, 3), (7, 1, 2)]"
184,D_2^2+B_7^1,28,"[(2, 2, 4), (7, 1, 2)]"
185,A_2^1+A_2^1+A_7^1,28,"[(2, 1, 1), (2, 1, 1), (7, 1, 1)]"
186,A_2^1+B_2^1+A_7^1,28,"[(2, 1, 1), (2, 1, 2), (7, 1, 1)]"
187,B_2^1+B_2^1+A_7^1,28,"[(2, 1, 2), (2, 1, 2), (7, 1, 1)]"
188,E_2^1+A_7^1,28,"[(2, 1, 5), (7, 1, 1)]"
189,F_2^1+A_7^1,28,"[(2, 1, 6), (7, 1, 1)]"
190,A_2^1+A_2^1+B_7^1,28,"[(2, 1, 1), (2, 1, 1), (7, 1, 2)]"
191,A_2^1+B_2^1+B_7^1,28,"[(2, 1, 1), (2, 1, 2), (7, 1, 2)]"
192,B_2^1+B_2^1+B_7^1,28,"[(2, 1, 2), (2, 1, 2), (7, 1, 2)]"
193,E_2^1+B_7^1,28,"[(2, 1, 5), (7, 1, 2)]"
194,F_2^1+B_7^1,28,"[(2, 1, 6), (7, 1, 2)]"
195,A_29^1,29,"[(29, 1, 1)]"
196,B_29^1,29,"[(29, 1, 2)]"
197,A_2^1+A_3^1+A_5^1,30,"[(2, 1, 1), (3, 1, 1), (5, 1, 1)]"
198,B_2^1+A_3^1+A_5^1,30,"[(2, 1, 2), (3, 1, 1), (5, 1, 1)]"
199,A_2^1+B_3^1+A_5^1,30,"[(2, 1, 1), (3, 1, 2), (5, 1, 1)]"
200,B_2^1+B_3^1+A_5^1,30,"[(2, 1, 2), (3, 1, 2), (5, 1, 1)]"
201,A_2^1+A_3^1+B_5^1,30,"[(2, 1, 1), (3, 1, 1), (5, 1, 2)]"
202,B_2^1+A_3^1+B_5^1,30,"[(2, 1, 2), (3, 1, 1), (5, 1, 2)]"
203,A_2^1+B_3^1+B_5^1,30,"[(2, 1, 1), (3, 1, 2), (5, 1, 2)]"
204,B_2^1+B_3^1+B_5^1,30,"[(2, 1, 2), (3, 1, 2), (5, 1, 2)]"
205,A_31^1,31,"[(31, 1, 1)]"
206,B_31^1,31,"[(31, 1, 2)]"
207,A_2^5,32,"[(2, 5, 1)]"
208,B_2^5,32,"[(2, 5, 2)]"
209,C_2^5,32,"[(2, 5, 3)]"
210,D_2^5,32,"[(2, 5, 4)]"
211,A_2^4+A_2^1,32,"[(2, 4, 1), (2, 1, 1)]"
212,B_2^4+A_2^1,32,"[(2, 4, 2), (2, 1, 1)]"
213,C_2^4+A_2^1,32,"[(2, 4, 3), (2, 1, 1)]"
214,D_2^4+A_2^1,32,"[(2, 4, 4), (2, 1, 1)]"
215,A_2^4+B_2^1,32,"[(2, 4, 1), (2, 1, 2)]"
216,B_2^4+B_2^1,32,"[(2, 4, 2), (2, 1, 2)]"
217,C_2^4+B_2^1,32,"[(2, 4, 3), (2, 1, 2)]"
218,D_2^4+B_2^1,32,"[(2, 4, 4), (2, 1, 2)]"
219,A_2^3+A_2^2,32,"[(2, 3, 1), (2, 2, 1)]"
220,B_2^3+A_2^2,32,"[(2, 3, 2), (2, 2, 1)]"
221,C_2^3+A_2^2,32,"[(2, 3, 3), (2, 2, 1)]"
222,D_2^3+A_2^2,32,"[(2, 3, 4), (2, 2, 1)]"
223,B_2^3+B_2^2,32,"[(2, 3, 2), (2, 2, 2)]"
224,D_2^3+B_2^2,32,"[(2, 3, 4), (2, 2, 2)]"
225,B_2^3+C_2^2,32,"[(2, 3, 2), (2, 2, 3)]"
226,D_2^3+C_2^2,32,"[(2, 3, 4), (2, 2, 3)]"
227,A_2^3+A_2^1+A_2^1,32,"[(2, 3, 1), (2, 1, 1), (2, 1, 1)]"
228,B_2^3+A_2^1+A_2^1,32,"[(2, 3, 2), (2, 1, 1), (2, 1, 1)]"
229,A_2^3+A_2^1+B_2^1,32,"[(2, 3, 1), (2, 1, 1), (2, 1, 2)]"
230,B_2^3+A_2^1+B_2^1,32,"[(2, 3, 2), (2, 1, 1), (2, 1, 2)]"
231,A_2^3+B_2^1+B_2^1,32,"[(2, 3, 1), (2, 1, 2), (2, 1, 2)]"
232,B_2^3+B_2^1+B_2^1,32,"[(2, 3, 2), (2, 1, 2), (2, 1, 2)]"
233,A_2^3+E_2^1,32,"[(2, 3, 1), (2, 1, 5)]"
234,B_2^3+E_2^1,32,"[(2, 3, 2), (2, 1, 5)]"
235,C_2^3+E_2^1,32,"[(2, 3, 3), (2, 1, 5)]"
236,D_2^3+E_2^1,32,"[(2, 3, 4), (2, 1, 5)]"
237,A_2^3+F_2^1,32,"[(2, 3, 1), (2, 1, 6)]"
238,B_2^3+F_2^1,32,"[(2, 3, 2), (2, 1, 6)]"
239,C_2^3+F_2^1,32,"[(2, 3, 3), (2, 1, 6)]"
240,D_2^3+F_2^1,32,"[(2, 3, 4), (2, 1, 6)]"
241,A_2^2+A_2^2+A_2^1,32,"[(2, 2, 1), (2, 2, 1), (2, 1, 1)]"
242,A_2^2+B_2^2+A_2^1,32,"[(2, 2, 1), (2, 2, 2), (2, 1, 1)]"
243,B_2^2+B_2^2+A_2^1,32,"[(2, 2, 2), (2, 2, 2), (2, 1, 1)]"
244,B_2^2+C_2^2+A_2^1,32,"[(2, 2, 2), (2, 2, 3), (2, 1, 1)]"
245,E_2^2+A_2^1,32,"[(2, 2, 5), (2, 1, 1)]"
246,E_2^2+B_2^1,32,"[(2, 2, 5), (2, 1, 2)]"
247,A_2^2+A_2^1+A_2^1+A_2^1,32,"[(2, 2, 1), (2, 1, 1), (2, 1, 1), (2, 1, 1)]"
248,B_2^2+A_2^1+A_2^1+A_2^1,32,"[(2, 2, 2), (2, 1, 1), (2, 1, 1), (2, 1, 1)]"
249,C_2^2+A_2^1+A_2^1+A_2^1,32,"[(2, 2, 3), (2, 1, 1), (2, 1, 1), (2, 1, 1)]"
250,D_2^2+A_2^1+A_2^1+A_2^1,32,"[(2, 2, 4), (2, 1, 1), (2, 1, 1), (2, 1, 1)]"
251,A_2^1+A_2^1+A_2^1+A_2^1+A_2^1,32,"[(2, 1, 1), (2, 1, 1), (2, 1, 1), (2, 1, 1), (2, 1, 1)]"
252,A_2^1+A_2^1+A_2^1+A_2^1+B_2^1,32,"[(2, 1, 1), (2, 1, 1), (2, 1, 1), (2, 1, 1), (2, 1, 2)]"
253,A_2^1+A_2^1+A_2^1+B_2^1+B_2^1,32,"[(2, 1, 1), (2, 1, 1), (2, 1, 1), (2, 1, 2), (2, 1, 2)]"
254,A_2^1+A_2^1+B_2^1+B_2^1+B_2^1,32,"[(2, 1, 1), (2, 1, 1), (2, 1, 2), (2, 1, 2), (2, 1, 2)]"
255,A_3^1+A_11^1,33,"[(3, 1, 1), (11, 1, 1)]"
256,B_3^1+A_11^1,33,"[(3, 1, 2), (11, 1, 1)]"
257,A_3^1+B_11^1,33,"[(3, 1, 1), (11, 1, 2)]"
258,B_3^1+B_11^1,33,"[(3, 1, 2), (11, 1, 2)]"
259,A_2^1+A_17^1,34,"[(2, 1, 1), (17, 1, 1)]"
260,B_2^1+A_17^1,34,"[(2, 1, 2), (17, 1, 1)]"
261,A_2^1+B_17^1,34,"[(2, 1, 1), (17, 1, 2)]"
262,B_2^1+B_17^1,34,"[(2, 1, 2), (17, 1, 2)]"
263,A_5^1+A_7^1,35,"[(5, 1, 1), (7, 1, 1)]"
264,B_5^1+A_7^1,35,"[(5, 1, 2), (7, 1, 1)]"
265,A_5^1+B_7^1,35,"[(5, 1, 1), (7, 1, 2)]"
266,B_5^1+B_7^1,35,"[(5, 1, 2), (7, 1, 2)]"
267,A_2^2+A_3^2,36,"[(2, 2, 1), (3, 2, 1)]"
268,B_2^2+A_3^2,36,"[(2, 2, 2), (3, 2, 1)]"
269,C_2^2+A_3^2,36,"[(2, 2, 3), (3, 2, 1)]"
270,D_2^2+A_3^2,36,"[(2, 2, 4), (3, 2, 1)]"
271,A_2^2+B_3^2,36,"[(2, 2, 1), (3, 2, 2)]"
272,B_2^2+B_3^2,36,"[(2, 2, 2), (3, 2, 2)]"
273,C_2^2+B_3^2,36,"[(2, 2, 3), (3, 2, 2)]"
274,D_2^2+B_3^2,36,"[(2, 2, 4), (3, 2, 2)]"
275,A_2^2+A_3^1+A_3^1,36,"[(2, 2, 1), (3, 1, 1), (3, 1, 1)]"
276,B_2^2+A_3^1+A_3^1,36,"[(2, 2, 2), (3, 1, 1), (3, 1, 1)]"
277,C_2^2+A_3^1+A_3^1,36,"[(2, 2, 3), (3, 1, 1), (3, 1, 1)]"
278,D_2^2+A_3^1+A_3^1,36,"[(2, 2, 4), (3, 1, 1), (3, 1, 1)]"
279,A_2^1+A_2^1+A_3^2,36,"[(2, 1, 1), (2, 1, 1), (3, 2, 1)]"
280,A_2^1+B_2^1+A_3^2,36,"[(2, 1, 1), (2, 1, 2), (3, 2, 1)]"
281,B_2^1+B_2^1+A_3^2,36,"[(2, 1, 2), (2, 1, 2), (3, 2, 1)]"
282,E_2^1+A_3^2,36,"[(2, 1, 5), (3, 2, 1)]"
283,F_2^1+A_3^2,36,"[(2, 1, 6), (3, 2, 1)]"
284,A_2^1+A_2^1+B_3^2,36,"[(2, 1, 1), (2, 1, 1), (3, 2, 2)]"
285,A_2^1+B_2^1+B_3^2,36,"[(2, 1, 1), (2, 1, 2), (3, 2, 2)]"
286,B_2^1+B_2^1+B_3^2,36,"[(2, 1, 2), (2, 1, 2), (3, 2, 2)]"
287,E_2^1+B_3^2,36,"[(2, 1, 5), (3, 2, 2)]"
288,F_2^1+B_3^2,36,"[(2, 1, 6), (3, 2, 2)]"
289,A_2^1+A_2^1+A_3^1+A_3^1,36,"[(2, 1, 1), (2, 1, 1), (3, 1, 1), (3, 1, 1)]"
290,A_2^1+B_2^1+A_3^1+A_3^1,36,"[(2, 1, 1), (2, 1, 2), (3, 1, 1), (3, 1, 1)]"
291,B_2^1+B_2^1+A_3^1+A_3^1,36,"[(2, 1, 2), (2, 1, 2), (3, 1, 1), (3, 1, 1)]"
292,E_2^1+A_3^1+A_3^1,36,"[(2, 1, 5), (3, 1, 1), (3, 1, 1)]"
293,F_2^1+A_3^1+A_3^1,36,"[(2, 1, 6), (3, 1, 1), (3, 1, 1)]"
294,A_37^1,37,"[(37, 1, 1)]"
295,B_37^1,37,"[(37, 1, 2)]"
296,A_2^1+A_19^1,38,"[(2, 1, 1), (19, 1, 1)]"
297,B_2^1+A_19^1,38,"[(2, 1, 2), (19, 1, 1)]"
298,A_2^1+B_19^1,38,"[(2, 1, 1), (19, 1, 2)]"
299,B_2^1+B_19^1,38,"[(2, 1, 2), (19, 1, 2)]"
300,A_3^1+A_13^1,39,"[(3, 1, 1), (13, 1, 1)]"
301,B_3^1+A_13^1,39,"[(3, 1, 2), (13, 1, 1)]"
302,A_3^1+B_13^1,39,"[(3, 1, 1), (13, 1, 2)]"
303,B_3^1+B_13^1,39,"[(3, 1, 2), (13, 1, 2)]"
304,A_2^3+A_5^1,40,"[(2, 3, 1), (5, 1, 1)]"
305,B_2^3+A_5^1,40,"[(2, 3, 2), (5, 1, 1)]"
306,C_2^3+A_5^1,40,"[(2, 3, 3), (5, 1, 1)]"
307,D_2^3+A_5^1,40,"[(2, 3, 4), (5, 1, 1)]"
308,A_2^3+B_5^1,40,"[(2, 3, 1), (5, 1, 2)]"
309,B_2^3+B_5^1,40,"[(2, 3, 2), (5, 1, 2)]"
310,C_2^3+B_5^1,40,"[(2, 3, 3), (5, 1, 2)]"
311,D_2^3+B_5^1,40,"[(2, 3, 4), (5, 1, 2)]"
312,A_2^2+A_2^1+A_5^1,40,"[(2, 2, 1), (2, 1, 1), (5, 1, 1)]"
313,B_2^2+A_2^1+A_5^1,40,"[(2, 2, 2), (2, 1, 1), (5, 1, 1)]"
314,C_2^2+A_2^1+A_5^1,40,"[(2, 2, 3), (2, 1, 1), (5, 1, 1)]"
315,D_2^2+A_2^1+A_5^1,40,"[(2, 2, 4), (2, 1, 1), (5, 1, 1)]"
316,A_2^2+A_2^1+B_5^1,40,"[(2, 2, 1), (2, 1, 1), (5, 1, 2)]"
317,B_2^2+A_2^1+B_5^1,40,"[(2, 2, 2), (2, 1, 1), (5, 1, 2)]"
318,C_2^2+A_2^1+B_5^1,40,"[(2, 2, 3), (2, 1, 1), (5, 1, 2)]"
319,D_2^2+A_2^1+B_5^1,40,"[(2, 2, 4), (2, 1, 1), (5, 1, 2)]"
320,A_2^1+A_2^1+A_2^1+A_5^1,40,"[(2, 1, 1), (2, 1, 1), (2, 1, 1), (5, 1, 1)]"
321,A_2^1+A_2^1+B_2^1+A_5^1,40,"[(2, 1, 1), (2, 1, 1), (2, 1, 2), (5, 1, 1)]"
322,A_2^1+B_2^1+B_2^1+A_5^1,40,"[(2, 1, 1), (2, 1, 2), (2, 1, 2), (5, 1, 1)]"
323,B_2^1+B_2^1+B_2^1+A_5^1,40,"[(2, 1, 2), (2, 1, 2), (2, 1, 2), (5, 1, 1)]"
324,A_2^1+A_2^1+A_2^1+B_5^1,40,"[(2, 1, 1), (2, 1, 1), (2, 1, 1), (5, 1, 2)]"
325,A_2^1+A_2^1+B_2^1+B_5^1,40,"[(2, 1, 1), (2, 1, 1), (2, 1, 2), (5, 1, 2)]"
326,A_2^1+B_2^1+B_2^1+B_5^1,40,"[(2, 1, 1), (2, 1, 2), (2, 1, 2), (5, 1, 2)]"
327,B_2^1+B_2^1+B_2^1+B_5^1,40,"[(2, 1, 2), (2, 1, 2), (2, 1, 2), (5, 1, 2)]"
328,A_41^1,41,"[(41, 1, 1)]"
329,B_41^1,41,"[(41, 1, 2)]"
330,A_2^1+A_3^1+A_7^1,42,"[(2, 1, 1), (3, 1, 1), (7, 1, 1)]"
331,B_2^1+A_3^1+A_7^1,42,"[(2, 1, 2), (3, 1, 1), (7, 1, 1)]"
332,A_2^1+B_3^1+A_7^1,42,"[(2, 1, 1), (3, 1, 2), (7, 1, 1)]"
333,B_2^1+B_3^1+A_7^1,42,"[(2, 1, 2), (3, 1, 2), (7, 1, 1)]"
334,A_2^1+A_3^1+B_7^1,42,"[(2, 1, 1), (3, 1, 1), (7, 1, 2)]"
335,B_2^1+A_3^1+B_7^1,42,"[(2, 1, 2), (3, 1, 1), (7, 1, 2)]"
336,A_2^1+B_3^1+B_7^1,42,"[(2, 1, 1), (3, 1, 2), (7, 1, 2)]"
337,B_2^1+B_3^1+B_7^1,42,"[(2, 1, 2), (3, 1, 2), (7, 1, 2)]"
338,A_43^1,43,"[(43, 1, 1)]"
339,B_43^1,43,"[(43, 1, 2)]"
340,A_2^2+A_11^1,44,"[(2, 2, 1), (11, 1, 1)]"
341,B_2^2+A_11^1,44,"[(2, 2, 2), (11, 1, 1)]"
342,C_2^2+A_11^1,44,"[(2, 2, 3), (11, 1, 1)]"
343,D_2^2+A_11^1,44,"[(2, 2, 4), (11, 1, 1)]"
344,A_2^2+B_11^1,44,"[(2, 2, 1), (11, 1, 2)]"
345,B_2^2+B_11^1,44,"[(2, 2, 2), (11, 1, 2)]"
346,C_2^2+B_11^1,44,"[(2, 2, 3), (11, 1, 2)]"
347,D_2^2+B_11^1,44,"[(2, 2, 4), (11, 1, 2)]"
348,A_2^1+A_2^1+A_11^1,44,"[(2, 1, 1), (2, 1, 1), (11, 1, 1)]"
349,A_2^1+B_2^1+A_11^1,44,"[(2, 1, 1), (2, 1, 2), (11, 1, 1)]"
350,B_2^1+B_2^1+A_11^1,44,"[(2, 1, 2), (2, 1, 2), (11, 1, 1)]"
351,E_2^1+A_11^1,44,"[(2, 1, 5), (11, 1, 1)]"
352,F_2^1+A_11^1,44,"[(2, 1, 6), (11, 1, 1)]"
353,A_2^1+A_2^1+B_11^1,44,"[(2, 1, 1), (2, 1, 1), (11, 1, 2)]"
354,A_2^1+B_2^1+B_11^1,44,"[(2, 1, 1), (2, 1, 2), (11, 1, 2)]"
355,B_2^1+B_2^1+B_11^1,44,"[(2, 1, 2), (2, 1, 2), (11, 1, 2)]"
356,E_2^1+B_11^1,44,"[(2, 1, 5), (11, 1, 2)]"
357,F_2^1+B_11^1,44,"[(2, 1, 6), (11, 1, 2)]"
358,A_3^2+A_5^1,45,"[(3, 2, 1), (5, 1, 1)]"
359,B_3^2+A_5^1,45,"[(3, 2, 2), (5, 1, 1)]"
360,A_3^2+B_5^1,45,"[(3, 2, 1), (5, 1, 2)]"
361,B_3^2+B_5^1,45,"[(3, 2, 2), (5, 1, 2)]"
362,A_3^1+A_3^1+A_5^1,45,"[(3, 1, 1), (3, 1, 1), (5, 1, 1)]"
363,A_3^1+A_3^1+B_5^1,45,"[(3, 1, 1), (3, 1, 1), (5, 1, 2)]"
364,A_2^1+A_23^1,46,"[(2, 1, 1), (23, 1, 1)]"
365,B_2^1+A_23^1,46,"[(2, 1, 2), (23, 1, 1)]"
366,A_2^1+B_23^1,46,"[(2, 1, 1), (23, 1, 2)]"
367,B_2^1+B_23^1,46,"[(2, 1, 2), (23, 1, 2)]"
368,A_47^1,47,"[(47, 1, 1)]"
369,B_47^1,47,"[(47, 1, 2)]"
370,A_2^4+A_3^1,48,"[(2, 4, 1), (3, 1, 1)]"
371,B_2^4+A_3^1,48,"[(2, 4, 2), (3, 1, 1)]"
372,C_2^4+A_3^1,48,"[(2, 4, 3), (3, 1, 1)]"
373,D_2^4+A_3^1,48,"[(2, 4, 4), (3, 1, 1)]"
374,A_2^4+B_3^1,48,"[(2, 4, 1), (3, 1, 2)]"
375,B_2^4+B_3^1,48,"[(2, 4, 2), (3, 1, 2)]"
376,C_2^4+B_3^1,48,"[(2, 4, 3), (3, 1, 2)]"
377,D_2^4+B_3^1,48,"[(2, 4, 4), (3, 1, 2)]"
378,A_2^3+A_2^1+A_3^1,48,"[(2, 3, 1), (2, 1, 1), (3, 1, 1)]"
379,B_2^3+A_2^1+A_3^1,48,"[(2, 3, 2), (2, 1, 1), (3, 1, 1)]"
380,A_2^3+B_2^1+A_3^1,48,"[(2, 3, 1), (2, 1, 2), (3, 1, 1)]"
381,B_2^3+B_2^1+A_3^1,48,"[(2, 3, 2), (2, 1, 2), (3, 1, 1)]"
382,A_2^3+A_2^1+B_3^1,48,"[(2, 3, 1), (2, 1, 1), (3, 1, 2)]"
383,B_2^3+A_2^1+B_3^1,48,"[(2, 3, 2), (2, 1, 1), (3, 1, 2)]"
384,A_2^3+B_2^1+B_3^1,48,"[(2, 3, 1), (2, 1, 2), (3, 1, 2)]"
385,B_2^3+B_2^1+B_3^1,48,"[(2, 3, 2), (2, 1, 2), (3, 1, 2)]"
386,A_2^2+A_2^2+A_3^1,48,"[(2, 2, 1), (2, 2, 1), (3, 1, 1)]"
387,A_2^2+B_2^2+A_3^1,48,"[(2, 2, 1), (2, 2, 2), (3, 1, 1)]"
388,B_2^2+B_2^2+A_3^1,48,"[(2, 2, 2), (2, 2, 2), (3, 1, 1)]"
389,A_2^2+C_2^2+A_3^1,48,"[(2, 2, 1), (2, 2, 3), (3, 1, 1)]"
390,B_2^2+C_2^2+A_3^1,48,"[(2, 2, 2), (2, 2, 3), (3, 1, 1)]"
391,B_2^2+D_2^2+A_3^1,48,"[(2, 2, 2), (2, 2, 4), (3, 1, 1)]"
392,E_2^2+A_3^1,48,"[(2, 2, 5), (3, 1, 1)]"
393,F_2^2+A_3^1,48,"[(2, 2, 6), (3, 1, 1)]"
394,A_2^2+A_2^2+B_3^1,48,"[(2, 2, 1), (2, 2, 1), (3, 1, 2)]"
395,A_2^2+B_2^2+B_3^1,48,"[(2, 2, 1), (2, 2, 2), (3, 1, 2)]"
396,B_2^2+B_2^2+B_3^1,48,"[(2, 2, 2), (2, 2, 2), (3, 1, 2)]"
397,A_2^2+C_2^2+B_3^1,48,"[(2, 2, 1), (2, 2, 3), (3, 1, 2)]"
398,B_2^2+C_2^2+B_3^1,48,"[(2, 2, 2), (2, 2, 3), (3, 1, 2)]"
399,B_2^2+D_2^2+B_3^1,48,"[(2, 2, 2), (2, 2, 4), (3, 1, 2)]"
400,E_2^2+B_3^1,48,"[(2, 2, 5), (3, 1, 2)]"
401,F_2^2+B_3^1,48,"[(2, 2, 6), (3, 1, 2)]"
402,A_2^2+A_2^1+A_2^1+A_3^1,48,"[(2, 2, 1), (2, 1, 1), (2, 1, 1), (3, 1, 1)]"
403,B_2^2+A_2^1+A_2^1+A_3^1,48,"[(2, 2, 2), (2, 1, 1), (2, 1, 1), (3, 1, 1)]"
404,C_2^2+A_2^1+A_2^1+A_3^1,48,"[(2, 2, 3), (2, 1, 1), (2, 1, 1), (3, 1, 1)]"
405,D_2^2+A_2^1+A_2^1+A_3^1,48,"[(2, 2, 4), (2, 1, 1), (2, 1, 1), (3, 1, 1)]"
406,A_2^2+E_2^1+A_3^1,48,"[(2, 2, 1), (2, 1, 5), (3, 1, 1)]"
407,B_2^2+E_2^1+A_3^1,48,"[(2, 2, 2), (2, 1, 5), (3, 1, 1)]"
408,C_2^2+E_2^1+A_3^1,48,"[(2, 2, 3), (2, 1, 5), (3, 1, 1)]"
409,D_2^2+E_2^1+A_3^1,48,"[(2, 2, 4), (2, 1, 5), (3, 1, 1)]"
410,A_2^2+A_2^1+A_2^1+B_3^1,48,"[(2, 2, 1), (2, 1, 1), (2, 1, 1), (3, 1, 2)]"
411,B_2^2+A_2^1+A_2^1+B_3^1,48,"[(2, 2, 2), (2, 1, 1), (2, 1, 1), (3, 1, 2)]"
412,C_2^2+A_2^1+A_2^1+B_3^1,48,"[(2, 2, 3), (2, 1, 1), (2, 1, 1), (3, 1, 2)]"
413,D_2^2+A_2^1+A_2^1+B_3^1,48,"[(2, 2, 4), (2, 1, 1), (2, 1, 1), (3, 1, 2)]"
414,A_2^2+E_2^1+B_3^1,48,"[(2, 2, 1), (2, 1, 5), (3, 1, 2)]"
415,B_2^2+E_2^1+B_3^1,48,"[(2, 2, 2), (2, 1, 5), (3, 1, 2)]"
416,C_2^2+E_2^1+B_3^1,48,"[(2, 2, 3), (2, 1, 5), (3, 1, 2)]"
417,D_2^2+E_2^1+B_3^1,48,"[(2, 2, 4), (2, 1, 5), (3, 1, 2)]"
418,A_2^1+A_2^1+A_2^1+A_2^1+A_3^1,48,"[(2, 1, 1), (2, 1, 1), (2, 1, 1), (2, 1, 1), (3, 1, 1)]"
419,A_2^1+A_2^1+A_2^1+B_2^1+A_3^1,48,"[(2, 1, 1), (2, 1, 1), (2, 1, 1), (2, 1, 2), (3, 1, 1)]"
420,A_2^1+A_2^1+B_2^1+B_2^1+A_3^1,48,"[(2, 1, 1), (2, 1, 1), (2, 1, 2), (2, 1, 2), (3, 1, 1)]"
421,A_2^1+B_2^1+B_2^1+B_2^1+A_3^1,48,"[(2, 1, 1), (2, 1, 2), (2, 1, 2), (2, 1, 2), (3, 1, 1)]"
422,E_2^1+E_2^1+A_3^1,48,"[(2, 1, 5), (2, 1, 5), (3, 1, 1)]"
423,E_2^1+F_2^1+A_3^1,48,"[(2, 1, 5), (2, 1, 6), (3, 1, 1)]"
424,A_2^1+A_2^1+A_2^1+A_2^1+B_3^1,48,"[(2, 1, 1), (2, 1, 1), (2, 1, 1), (2, 1, 1), (3, 1, 2)]"
425,A_2^1+A_2^1+A_2^1+B_2^1+B_3^1,48,"[(2, 1, 1), (2, 1, 1), (2, 1, 1), (2, 1, 2), (3, 1, 2)]"
426,A_2^1+A_2^1+B_2^1+B_2^1+B_3^1,48,"[(2, 1, 1), (2, 1, 1), (2, 1, 2), (2, 1, 2), (3, 1, 2)]"
427,A_2^1+B_2^1+B_2^1+B_2^1+B_3^1,48,"[(2, 1, 1), (2, 1, 2), (2, 1, 2), (2, 1, 2), (3, 1, 2)]"
428,E_2^1+E_2^1+B_3^1,48,"[(2, 1, 5), (2, 1, 5), (3, 1, 2)]"
429,E_2^1+F_2^1+B_3^1,48,"[(2, 1, 5), (2, 1, 6), (3, 1, 2)]"
430,A_7^2,49,"[(7, 2, 1)]"
431,B_7^2,49,"[(7, 2, 2)]"
432,A_7^1+A_7^1,49,"[(7, 1, 1), (7, 1, 1)]"
433,A_2^1+A_5^2,50,"[(2, 1, 1), (5, 2, 1)]"
434,B_2^1+A_5^2,50,"[(2, 1, 2), (5, 2, 1)]"
435,A_2^1+B_5^2,50,"[(2, 1, 1), (5, 2, 2)]"
436,B_2^1+B_5^2,50,"[(2, 1, 2), (5, 2, 2)]"
437,A_2^1+A_5^1+A_5^1,50,"[(2, 1, 1), (5, 1, 1), (5, 1, 1)]"
438,B_2^1+A_5^1+A_5^1,50,"[(2, 1, 2), (5, 1, 1), (5, 1, 1)]"
439,A_3^1+A_17^1,51,"[(3, 1, 1), (17, 1, 1)]"
440,B_3^1+A_17^1,51,"[(3, 1, 2), (17, 1, 1)]"
441,A_3^1+B_17^1,51,"[(3, 1, 1), (17, 1, 2)]"
442,B_3^1+B_17^1,51,"[(3, 1, 2), (17, 1, 2)]"
443,A_2^2+A_13^1,52,"[(2, 2, 1), (13, 1, 1)]"
444,B_2^2+A_13^1,52,"[(2, 2, 2), (13, 1, 1)]"
445,C_2^2+A_13^1,52,"[(2, 2, 3), (13, 1, 1)]"
446,D_2^2+A_13^1,52,"[(2, 2, 4), (13, 1, 1)]"
447,A_2^2+B_13^1,52,"[(2, 2, 1), (13, 1, 2)]"
448,B_2^2+B_13^1,52,"[(2, 2, 2), (13, 1, 2)]"
449,C_2^2+B_13^1,52,"[(2, 2, 3), (13, 1, 2)]"
450,D_2^2+B_13^1,52,"[(2, 2, 4), (13, 1, 2)]"
451,A_2^1+A_2^1+A_13^1,52,"[(2, 1, 1), (2, 1, 1), (13, 1, 1)]"
452,A_2^1+B_2^1+A_13^1,52,"[(2, 1, 1), (2, 1, 2), (13, 1, 1)]"
453,B_2^1+B_2^1+A_13^1,52,"[(2, 1, 2), (2, 1, 2), (13, 1, 1)]"
454,E_2^1+A_13^1,52,"[(2, 1, 5), (13, 1, 1)]"
455,F_2^1+A_13^1,52,"[(2, 1, 6), (13, 1, 1)]"
456,A_2^1+A_2^1+B_13^1,52,"[(2, 1, 1), (2, 1, 1), (13, 1, 2)]"
457,A_2^1+B_2^1+B_13^1,52,"[(2, 1, 1), (2, 1, 2), (13, 1, 2)]"
458,B_2^1+B_2^1+B_13^1,52,"[(2, 1, 2), (2, 1, 2), (13, 1, 2)]"
459,E_2^1+B_13^1,52,"[(2, 1, 5), (13, 1, 2)]"
460,F_2^1+B_13^1,52,"[(2, 1, 6), (13, 1, 2)]"
461,A_53^1,53,"[(53, 1, 1)]"
462,B_53^1,53,"[(53, 1, 2)]"
463,A_2^1+A_3^3,54,"[(2, 1, 1), (3, 3, 1)]"
464,B_2^1+A_3^3,54,"[(2, 1, 2), (3, 3, 1)]"
465,A_2^1+B_3^3,54,"[(2, 1, 1), (3, 3, 2)]"
466,B_2^1+B_3^3,54,"[(2, 1, 2), (3, 3, 2)]"
467,A_2^1+A_3^2+A_3^1,54,"[(2, 1, 1), (3, 2, 1), (3, 1, 1)]"
468,B_2^1+A_3^2+A_3^1,54,"[(2, 1, 2), (3, 2, 1), (3, 1, 1)]"
469,A_2^1+B_3^2+A_3^1,54,"[(2, 1, 1), (3, 2, 2), (3, 1, 1)]"
470,B_2^1+B_3^2+A_3^1,54,"[(2, 1, 2), (3, 2, 2), (3, 1, 1)]"
471,A_2^1+A_3^2+B_3^1,54,"[(2, 1, 1), (3, 2, 1), (3, 1, 2)]"
472,B_2^1+A_3^2+B_3^1,54,"[(2, 1, 2), (3, 2, 1), (3, 1, 2)]"
473,A_2^1+B_3^2+B_3^1,54,"[(2, 1, 1), (3, 2, 2), (3, 1, 2)]"
474,B_2^1+B_3^2+B_3^1,54,"[(2, 1, 2), (3, 2, 2), (3, 1, 2)]"
475,A_2^1+A_3^1+A_3^1+A_3^1,54,"[(2, 1, 1), (3, 1, 1), (3, 1, 1), (3, 1, 1)]"
476,B_2^1+A_3^1+A_3^1+A_3^1,54,"[(2, 1, 2), (3, 1, 1), (3, 1, 1), (3, 1, 1)]"
477,A_2^1+A_3^1+A_3^1+B_3^1,54,"[(2, 1, 1), (3, 1, 1), (3, 1, 1), (3, 1, 2)]"
478,B_2^1+A_3^1+A_3^1+B_3^1,54,"[(2, 1, 2), (3, 1, 1), (3, 1, 1), (3, 1, 2)]"
479,A_5^1+A_11^1,55,"[(5, 1, 1), (11, 1, 1)]"
480,B_5^1+A_11^1,55,"[(5, 1, 2), (11, 1, 1)]"
481,A_5^1+B_11^1,55,"[(5, 1, 1), (11, 1, 2)]"
482,B_5^1+B_11^1,55,"[(5, 1, 2), (11, 1, 2)]"
483,A_2^3+A_7^1,56,"[(2, 3, 1), (7, 1, 1)]"
484,B_2^3+A_7^1,56,"[(2, 3, 2), (7, 1, 1)]"
485,C_2^3+A_7^1,56,"[(2, 3, 3), (7, 1, 1)]"
486,D_2^3+A_7^1,56,"[(2, 3, 4), (7, 1, 1)]"
487,A_2^3+B_7^1,56,"[(2, 3, 1), (7, 1, 2)]"
488,B_2^3+B_7^1,56,"[(2, 3, 2), (7, 1, 2)]"
489,C_2^3+B_7^1,56,"[(2, 3, 3), (7, 1, 2)]"
490,D_2^3+B_7^1,56,"[(2, 3, 4), (7, 1, 2)]"
491,A_2^2+A_2^1+A_7^1,56,"[(2, 2, 1), (2, 1, 1), (7, 1, 1)]"
492,B_2^2+A_2^1+A_7^1,56,"[(2, 2, 2), (2, 1, 1), (7, 1, 1)]"
493,C_2^2+A_2^1+A_7^1,56,"[(2, 2, 3), (2, 1, 1), (7, 1, 1)]"
494,D_2^2+A_2^1+A_7^1,56,"[(2, 2, 4), (2, 1, 1), (7, 1, 1)]"
495,A_2^2+A_2^1+B_7^1,56,"[(2, 2, 1), (2, 1, 1), (7, 1, 2)]"
496,B_2^2+A_2^1+B_7^1,56,"[(2, 2, 2), (2, 1, 1), (7, 1, 2)]"
497,C_2^2+A_2^1+B_7^1,56,"[(2, 2, 3), (2, 1, 1), (7, 1, 2)]"
498,D_2^2+A_2^1+B_7^1,56,"[(2, 2, 4), (2, 1, 1), (7, 1, 2)]"
499,A_2^1+A_2^1+A_2^1+A_7^1,56,"[(2, 1, 1), (2, 1, 1), (2, 1, 1), (7, 1, 1)]"
500,A_2^1+A_2^1+B_2^1+A_7^1,56,"[(2, 1, 1), (2, 1, 1), (2, 1, 2), (7, 1, 1)]"
501,A_2^1+B_2^1+B_2^1+A_7^1,56,"[(2, 1, 1), (2, 1, 2), (2, 1, 2), (7, 1, 1)]"
502,B_2^1+B_2^1+B_2^1+A_7^1,56,"[(2, 1, 2), (2, 1, 2), (2, 1, 2), (7, 1, 1)]"
503,A_2^1+A_2^1+A_2^1+B_7^1,56,"[(2, 1, 1), (2, 1, 1), (2, 1, 1), (7, 1, 2)]"
504,A_2^1+A_2^1+B_2^1+B_7^1,56,"[(2, 1, 1), (2, 1, 1), (2, 1, 2), (7, 1, 2)]"
505,A_2^1+B_2^1+B_2^1+B_7^1,56,"[(2, 1, 1), (2, 1, 2), (2, 1, 2), (7, 1, 2)]"
506,B_2^1+B_2^1+B_2^1+B_7^1,56,"[(2, 1, 2), (2, 1, 2), (2, 1, 2), (7, 1, 2)]"
507,A_3^1+A_19^1,57,"[(3, 1, 1), (19, 1, 1)]"
508,B_3^1+A_19^1,57,"[(3, 1, 2), (19, 1, 1)]"
509,A_3^1+B_19^1,57,"[(3, 1, 1), (19, 1, 2)]"
510,B_3^1+B_19^1,57,"[(3, 1, 2), (19, 1, 2)]"
511,A_2^1+A_29^1,58,"[(2, 1, 1), (29, 1, 1)]"
512,B_2^1+A_29^1,58,"[(2, 1, 2), (29, 1, 1)]"
513,A_2^1+B_29^1,58,"[(2, 1, 1), (29, 1, 2)]"
514,B_2^1+B_29^1,58,"[(2, 1, 2), (29, 1, 2)]"
515,A_59^1,59,"[(59, 1, 1)]"
516,B_59^1,59,"[(59, 1, 2)]"
517,A_2^2+A_3^1+A_5^1,60,"[(2, 2, 1), (3, 1, 1), (5, 1, 1)]"
518,B_2^2+A_3^1+A_5^1,60,"[(2, 2, 2), (3, 1, 1), (5, 1, 1)]"
519,C_2^2+A_3^1+A_5^1,60,"[(2, 2, 3), (3, 1, 1), (5, 1, 1)]"
520,D_2^2+A_3^1+A_5^1,60,"[(2, 2, 4), (3, 1, 1), (5, 1, 1)]"
521,A_2^2+B_3^1+A_5^1,60,"[(2, 2, 1), (3, 1, 2), (5, 1, 1)]"
522,B_2^2+B_3^1+A_5^1,60,"[(2, 2, 2), (3, 1, 2), (5, 1, 1)]"
523,C_2^2+B_3^1+A_5^1,60,"[(2, 2, 3), (3, 1, 2), (5, 1, 1)]"
524,D_2^2+B_3^1+A_5^1,60,"[(2, 2, 4), (3, 1, 2), (5, 1, 1)]"
525,A_2^2+A_3^1+B_5^1,60,"[(2, 2, 1), (3, 1, 1), (5, 1, 2)]"
526,B_2^2+A_3^1+B_5^1,60,"[(2, 2, 2), (3, 1, 1), (5, 1, 2)]"
527,C_2^2+A_3^1+B_5^1,60,"[(2, 2, 3), (3, 1, 1), (5, 1, 2)]"
528,D_2^2+A_3^1+B_5^1,60,"[(2, 2, 4), (3, 1, 1), (5, 1, 2)]"
529,A_2^2+B_3^1+B_5^1,60,"[(2, 2, 1), (3, 1, 2), (5, 1, 2)]"
530,B_2^2+B_3^1+B_5^1,60,"[(2, 2, 2), (3, 1, 2), (5, 1, 2)]"
531,C_2^2+B_3^1+B_5^1,60,"[(2, 2, 3), (3, 1, 2), (5, 1, 2)]"
532,D_2^2+B_3^1+B_5^1,60,"[(2, 2, 4), (3, 1, 2), (5, 1, 2)]"
533,A_2^1+A_2^1+A_3^1+A_5^1,60,"[(2, 1, 1), (2, 1, 1), (3, 1, 1), (5, 1, 1)]"
534,A_2^1+B_2^1+A_3^1+A_5^1,60,"[(2, 1, 1), (2, 1, 2), (3, 1, 1), (5, 1, 1)]"
535,B_2^1+B_2^1+A_3^1+A_5^1,60,"[(2, 1, 2), (2, 1, 2), (3, 1, 1), (5, 1, 1)]"
536,E_2^1+A_3^1+A_5^1,60,"[(2, 1, 5), (3, 1, 1), (5, 1, 1)]"
537,F_2^1+A_3^1+A_5^1,60,"[(2, 1, 6), (3, 1, 1), (5, 1, 1)]"
538,A_2^1+A_2^1+B_3^1+A_5^1,60,"[(2, 1, 1), (2, 1, 1), (3, 1, 2), (5, 1, 1)]"
539,A_2^1+B_2^1+B_3^1+A_5^1,60,"[(2, 1, 1), (2, 1, 2), (3, 1, 2), (5, 1, 1)]"
540,B_2^1+B_2^1+B_3^1+A_5^1,60,"[(2, 1, 2), (2, 1, 2), (3, 1, 2), (5, 1, 1)]"
541,E_2^1+B_3^1+A_5^1,60,"[(2, 1, 5), (3, 1, 2), (5, 1, 1)]"
542,F_2^1+B_3^1+A_5^1,60,"[(2, 1, 6), (3, 1, 2), (5, 1, 1)]"
543,A_2^1+A_2^1+A_3^1+B_5^1,60,"[(2, 1, 1), (2, 1, 1), (3, 1, 1), (5, 1, 2)]"
544,A_2^1+B_2^1+A_3^1+B_5^1,60,"[(2, 1, 1), (2, 1, 2), (3, 1, 1), (5, 1, 2)]"
545,B_2^1+B_2^1+A_3^1+B_5^1,60,"[(2, 1, 2), (2, 1, 2), (3, 1, 1), (5, 1, 2)]"
546,E_2^1+A_3^1+B_5^1,60,"[(2, 1, 5), (3, 1, 1), (5, 1, 2)]"
547,F_2^1+A_3^1+B_5^1,60,"[(2, 1, 6), (3, 1, 1), (5, 1, 2)]"
548,A_2^1+A_2^1+B_3^1+B_5^1,60,"[(2, 1, 1), (2, 1, 1), (3, 1, 2), (5, 1, 2)]"
549,A_2^1+B_2^1+B_3^1+B_5^1,60,"[(2, 1, 1), (2, 1, 2), (3, 1, 2), (5, 1, 2)]"
550,B_2^1+B_2^1+B_3^1+B_5^1,60,"[(2, 1, 2), (2, 1, 2), (3, 1, 2), (5, 1, 2)]"
551,E_2^1+B_3^1+B_5^1,60,"[(2, 1, 5), (3, 1, 2), (5, 1, 2)]"
552,F_2^1+B_3^1+B_5^1,60,"[(2, 1, 6), (3, 1, 2), (5, 1, 2)]"
553,A_61^1,61,"[(61, 1, 1)]"
554,B_61^1,61,"[(61, 1, 2)]"
555,A_2^1+A_31^1,62,"[(2, 1, 1), (31, 1, 1)]"
556,B_2^1+A_31^1,62,"[(2, 1, 2), (31, 1, 1)]"
557,A_2^1+B_31^1,62,"[(2, 1, 1), (31, 1, 2)]"
558,B_2^1+B_31^1,62,"[(2, 1, 2), (31, 1, 2)]"
559,A_3^2+A_7^1,63,"[(3, 2, 1), (7, 1, 1)]"
560,B_3^2+A_7^1,63,"[(3, 2, 2), (7, 1, 1)]"
561,A_3^2+B_7^1,63,"[(3, 2, 1), (7, 1, 2)]"
562,B_3^2+B_7^1,63,"[(3, 2, 2), (7, 1, 2)]"
563,A_3^1+A_3^1+A_7^1,63,"[(3, 1, 1), (3, 1, 1), (7, 1, 1)]"
564,A_3^1+A_3^1+B_7^1,63,"[(3, 1, 1), (3, 1, 1), (7, 1, 2)]"
565,A_2^6,64,"[(2, 6, 1)]"
566,B_2^6,64,"[(2, 6, 2)]"
567,C_2^6,64,"[(2, 6, 3)]"
568,D_2^6,64,"[(2, 6, 4)]"
569,A_2^5+A_2^1,64,"[(2, 5, 1), (2, 1, 1)]"
570,B_2^5+A_2^1,64,"[(2, 5, 2), (2, 1, 1)]"
571,C_2^5+A_2^1,64,"[(2, 5, 3), (2, 1, 1)]"
572,D_2^5+A_2^1,64,"[(2, 5, 4), (2, 1, 1)]"
573,A_2^5+B_2^1,64,"[(2, 5, 1), (2, 1, 2)]"
574,B_2^5+B_2^1,64,"[(2, 5, 2), (2, 1, 2)]"
575,C_2^5+B_2^1,64,"[(2, 5, 3), (2, 1, 2)]"
576,D_2^5+B_2^1,64,"[(2, 5, 4), (2, 1, 2)]"
577,A_2^4+A_2^2,64,"[(2, 4, 1), (2, 2, 1)]"
578,B_2^4+A_2^2,64,"[(2, 4, 2), (2, 2, 1)]"
579,C_2^4+A_2^2,64,"[(2, 4, 3), (2, 2, 1)]"
580,D_2^4+A_2^2,64,"[(2, 4, 4), (2, 2, 1)]"
581,A_2^4+B_2^2,64,"[(2, 4, 1), (2, 2, 2)]"
582,B_2^4+B_2^2,64,"[(2, 4, 2), (2, 2, 2)]"
583,C_2^4+B_2^2,64,"[(2, 4, 3), (2, 2, 2)]"
584,D_2^4+B_2^2,64,"[(2, 4, 4), (2, 2, 2)]"
585,A_2^4+A_2^1+A_2^1,64,"[(2, 4, 1), (2, 1, 1), (2, 1, 1)]"
586,B_2^4+A_2^1+A_2^1,64,"[(2, 4, 2), (2, 1, 1), (2, 1, 1)]"
587,C_2^4+A_2^1+A_2^1,64,"[(2, 4, 3), (2, 1, 1), (2, 1, 1)]"
588,D_2^4+A_2^1+A_2^1,64,"[(2, 4, 4), (2, 1, 1), (2, 1, 1)]"
589,A_2^4+A_2^1+B_2^1,64,"[(2, 4, 1), (2, 1, 1), (2, 1, 2)]"
590,B_2^4+A_2^1+B_2^1,64,"[(2, 4, 2), (2, 1, 1), (2, 1, 2)]"
591,C_2^4+A_2^1+B_2^1,64,"[(2, 4, 3), (2, 1, 1), (2, 1, 2)]"
592,D_2^4+A_2^1+B_2^1,64,"[(2, 4, 4), (2, 1, 1), (2, 1, 2)]"
593,A_2^4+B_2^1+B_2^1,64,"[(2, 4, 1), (2, 1, 2), (2, 1, 2)]"
594,B_2^4+B_2^1+B_2^1,64,"[(2, 4, 2), (2, 1, 2), (2, 1, 2)]"
595,C_2^4+B_2^1+B_2^1,64,"[(2, 4, 3), (2, 1, 2), (2, 1, 2)]"
596,D_2^4+B_2^1+B_2^1,64,"[(2, 4, 4), (2, 1, 2), (2, 1, 2)]"
597,A_2^4+E_2^1,64,"[(2, 4, 1), (2, 1, 5)]"
598,B_2^4+E_2^1,64,"[(2, 4, 2), (2, 1, 5)]"
599,C_2^4+E_2^1,64,"[(2, 4, 3), (2, 1, 5)]"
600,D_2^4+E_2^1,64,"[(2, 4, 4), (2, 1, 5)]"
601,A_2^4+F_2^1,64,"[(2, 4, 1), (2, 1, 6)]"
602,B_2^4+F_2^1,64,"[(2, 4, 2), (2, 1, 6)]"
603,C_2^4+F_2^1,64,"[(2, 4, 3), (2, 1, 6)]"
604,D_2^4+F_2^1,64,"[(2, 4, 4), (2, 1, 6)]"
605,A_2^3+A_2^3,64,"[(2, 3, 1), (2, 3, 1)]"
606,A_2^3+B_2^3,64,"[(2, 3, 1), (2, 3, 2)]"
607,B_2^3+B_2^3,64,"[(2, 3, 2), (2, 3, 2)]"
608,A_2^3+C_2^3,64,"[(2, 3, 1), (2, 3, 3)]"
609,B_2^3+C_2^3,64,"[(2, 3, 2), (2, 3, 3)]"
610,B_2^3+D_2^3,64,"[(2, 3, 2), (2, 3, 4)]"
611,E_2^3,64,"[(2, 3, 5)]"
612,F_2^3,64,"[(2, 3, 6)]"
613,A_2^3+A_2^2+A_2^1,64,"[(2, 3, 1), (2, 2, 1), (2, 1, 1)]"
614,B_2^3+A_2^2+A_2^1,64,"[(2, 3, 2), (2, 2, 1), (2, 1, 1)]"
615,B_2^3+B_2^2+A_2^1,64,"[(2, 3, 2), (2, 2, 2), (2, 1, 1)]"
616,B_2^3+C_2^2+A_2^1,64,"[(2, 3, 2), (2, 2, 3), (2, 1, 1)]"
617,A_2^3+A_2^1+A_2^1+A_2^1,64,"[(2, 3, 1), (2, 1, 1), (2, 1, 1), (2, 1, 1)]"
618,B_2^3+A_2^1+A_2^1+A_2^1,64,"[(2, 3, 2), (2, 1, 1), (2, 1, 1), (2, 1, 1)]"
619,A_2^3+A_2^1+A_2^1+B_2^1,64,"[(2, 3, 1), (2, 1, 1), (2, 1, 1), (2, 1, 2)]"
620,B_2^3+A_2^1+A_2^1+B_2^1,64,"[(2, 3, 2), (2, 1, 1), (2, 1, 1), (2, 1, 2)]"
621,A_2^3+A_2^1+B_2^1+B_2^1,64,"[(2, 3, 1), (2, 1, 1), (2, 1, 2), (2, 1, 2)]"
622,B_2^3+A_2^1+B_2^1+B_2^1,64,"[(2, 3, 2), (2, 1, 1), (2, 1, 2), (2, 1, 2)]"
623,A_2^3+B_2^1+B_2^1+B_2^1,64,"[(2, 3, 1), (2, 1, 2), (2, 1, 2), (2, 1, 2)]"
624,B_2^3+B_2^1+B_2^1+B_2^1,64,"[(2, 3, 2), (2, 1, 2), (2, 1, 2), (2, 1, 2)]"
625,A_2^2+A_2^2+A_2^2,64,"[(2, 2, 1), (2, 2, 1), (2, 2, 1)]"
626,A_2^2+A_2^2+B_2^2,64,"[(2, 2, 1), (2, 2, 1), (2, 2, 2)]"
627,A_2^2+B_2^2+B_2^2,64,"[(2, 2, 1), (2, 2, 2), (2, 2, 2)]"
628,B_2^2+B_2^2+B_2^2,64,"[(2, 2, 2), (2, 2, 2), (2, 2, 2)]"
629,A_2^2+A_2^2+C_2^2,64,"[(2, 2, 1), (2, 2, 1), (2, 2, 3)]"
630,A_2^2+B_2^2+C_2^2,64,"[(2, 2, 1), (2, 2, 2), (2, 2, 3)]"
631,B_2^2+B_2^2+C_2^2,64,"[(2, 2, 2), (2, 2, 2), (2, 2, 3)]"
632,B_2^2+B_2^2+D_2^2,64,"[(2, 2, 2), (2, 2, 2), (2, 2, 4)]"
633,A_2^2+A_2^2+A_2^1+A_2^1,64,"[(2, 2, 1), (2, 2, 1), (2, 1, 1), (2, 1, 1)]"
634,A_2^2+B_2^2+A_2^1+A_2^1,64,"[(2, 2, 1), (2, 2, 2), (2, 1, 1), (2, 1, 1)]"
635,B_2^2+B_2^2+A_2^1+A_2^1,64,"[(2, 2, 2), (2, 2, 2), (2, 1, 1), (2, 1, 1)]"
636,B_2^2+C_2^2+A_2^1+A_2^1,64,"[(2, 2, 2), (2, 2, 3), (2, 1, 1), (2, 1, 1)]"
637,E_2^2+A_2^1+A_2^1,64,"[(2, 2, 5), (2, 1, 1), (2, 1, 1)]"
638,E_2^2+A_2^1+B_2^1,64,"[(2, 2, 5), (2, 1, 1), (2, 1, 2)]"
639,E_2^2+B_2^1+B_2^1,64,"[(2, 2, 5), (2, 1, 2), (2, 1, 2)]"
640,A_2^2+A_2^2+E_2^1,64,"[(2, 2, 1), (2, 2, 1), (2, 1, 5)]"
641,A_2^2+B_2^2+E_2^1,64,"[(2, 2, 1), (2, 2, 2), (2, 1, 5)]"
642,B_2^2+B_2^2+E_2^1,64,"[(2, 2, 2), (2, 2, 2), (2, 1, 5)]"
643,A_2^2+C_2^2+E_2^1,64,"[(2, 2, 1), (2, 2, 3), (2, 1, 5)]"
644,B_2^2+C_2^2+E_2^1,64,"[(2, 2, 2), (2, 2, 3), (2, 1, 5)]"
645,B_2^2+D_2^2+E_2^1,64,"[(2, 2, 2), (2, 2, 4), (2, 1, 5)]"
646,E_2^2+E_2^1,64,"[(2, 2, 5), (2, 1, 5)]"
647,F_2^2+E_2^1,64,"[(2, 2, 6), (2, 1, 5)]"
648,E_2^2+F_2^1,64,"[(2, 2, 5), (2, 1, 6)]"
649,F_2^2+F_2^1,64,"[(2, 2, 6), (2, 1, 6)]"
650,A_2^2+A_2^1+A_2^1+A_2^1+A_2^1,64,"[(2, 2, 1), (2, 1, 1), (2, 1, 1), (2, 1, 1), (2, 1, 1)]"
651,B_2^2+A_2^1+A_2^1+A_2^1+A_2^1,64,"[(2, 2, 2), (2, 1, 1), (2, 1, 1), (2, 1, 1), (2, 1, 1)]"
652,C_2^2+A_2^1+A_2^1+A_2^1+A_2^1,64,"[(2, 2, 3), (2, 1, 1), (2, 1, 1), (2, 1, 1), (2, 1, 1)]"
653,D_2^2+A_2^1+A_2^1+A_2^1+A_2^1,64,"[(2, 2, 4), (2, 1, 1), (2, 1, 1), (2, 1, 1), (2, 1, 1)]"
654,A_2^2+E_2^1+E_2^1,64,"[(2, 2, 1), (2, 1, 5), (2, 1, 5)]"
655,B_2^2+E_2^1+E_2^1,64,"[(2, 2, 2), (2, 1, 5), (2, 1, 5)]"
656,C_2^2+E_2^1+E_2^1,64,"[(2, 2, 3), (2, 1, 5), (2, 1, 5)]"
657,D_2^2+E_2^1+E_2^1,64,"[(2, 2, 4), (2, 1, 5), (2, 1, 5)]"
658,A_2^1+A_2^1+A_2^1+A_2^1+A_2^1+A_2^1,64,"[(2, 1, 1), (2, 1, 1), (2, 1, 1), (2, 1, 1), (2, 1, 1), (2, 1, 1)]"
659,A_2^1+A_2^1+A_2^1+A_2^1+A_2^1+B_2^1,64,"[(2, 1, 1), (2, 1, 1), (2, 1, 1), (2, 1, 1), (2, 1, 1), (2, 1, 2)]"
660,A_2^1+A_2^1+A_2^1+A_2^1+B_2^1+B_2^1,64,"[(2, 1, 1), (2, 1, 1), (2, 1, 1), (2, 1, 1), (2, 1, 2), (2, 1, 2)]"
661,A_2^1+A_2^1+A_2^1+B_2^1+B_2^1+B_2^1,64,"[(2, 1, 1), (2, 1, 1), (2, 1, 1), (2, 1, 2), (2, 1, 2), (2, 1, 2)]"
662,E_2^1+E_2^1+E_2^1,64,"[(2, 1, 5), (2, 1, 5), (2, 1, 5)]"
663,E_2^1+E_2^1+F_2^1,64,"[(2, 1, 5), (2, 1, 5), (2, 1, 6)]"
664,A_5^1+A_13^1,65,"[(5, 1, 1), (13, 1, 1)]"
665,B_5^1+A_13^1,65,"[(5, 1, 2), (13, 1, 1)]"
666,A_5^1+B_13^1,65,"[(5, 1, 1), (13, 1, 2)]"
667,B_5^1+B_13^1,65,"[(5, 1, 2), (13, 1, 2)]"
668,A_2^1+A_3^1+A_11^1,66,"[(2, 1, 1), (3, 1, 1), (11, 1, 1)]"
669,B_2^1+A_3^1+A_11^1,66,"[(2, 1, 2), (3, 1, 1), (11, 1, 1)]"
670,A_2^1+B_3^1+A_11^1,66,"[(2, 1, 1), (3, 1, 2), (11, 1, 1)]"
671,B_2^1+B_3^1+A_11^1,66,"[(2, 1, 2), (3, 1, 2), (11, 1, 1)]"
672,A_2^1+A_3^1+B_11^1,66,"[(2, 1, 1), (3, 1, 1), (11, 1, 2)]"
673,B_2^1+A_3^1+B_11^1,66,"[(2, 1, 2), (3, 1, 1), (11, 1, 2)]"
674,A_2^1+B_3^1+B_11^1,66,"[(2, 1, 1), (3, 1, 2), (11, 1, 2)]"
675,B_2^1+B_3^1+B_11^1,66,"[(2, 1, 2), (3, 1, 2), (11, 1, 2)]"
676,A_67^1,67,"[(67, 1, 1)]"
677,B_67^1,67,"[(67, 1, 2)]"
678,A_2^2+A_17^1,68,"[(2, 2, 1), (17, 1, 1)]"
679,B_2^2+A_17^1,68,"[(2, 2, 2), (17, 1, 1)]"
680,C_2^2+A_17^1,68,"[(2, 2, 3), (17, 1, 1)]"
681,D_2^2+A_17^1,68,"[(2, 2, 4), (17, 1, 1)]"
682,A_2^2+B_17^1,68,"[(2, 2, 1), (17, 1, 2)]"
683,B_2^2+B_17^1,68,"[(2, 2, 2), (17, 1, 2)]"
684,C_2^2+B_17^1,68,"[(2, 2, 3), (17, 1, 2)]"
685,D_2^2+B_17^1,68,"[(2, 2, 4), (17, 1, 2)]"
686,A_2^1+A_2^1+A_17^1,68,"[(2, 1, 1), (2, 1, 1), (17, 1, 1)]"
687,A_2^1+B_2^1+A_17^1,68,"[(2, 1, 1), (2, 1, 2), (17, 1, 1)]"
688,B_2^1+B_2^1+A_17^1,68,"[(2, 1, 2), (2, 1, 2), (17, 1, 1)]"
689,E_2^1+A_17^1,68,"[(2, 1, 5), (17, 1, 1)]"
690,F_2^1+A_17^1,68,"[(2, 1, 6), (17, 1, 1)]"
691,A_2^1+A_2^1+B_17^1,68,"[(2, 1, 1), (2, 1, 1), (17, 1, 2)]"
692,A_2^1+B_2^1+B_17^1,68,"[(2, 1, 1), (2, 1, 2), (17, 1, 2)]"
693,B_2^1+B_2^1+B_17^1,68,"[(2, 1, 2), (2, 1, 2), (17, 1, 2)]"
694,E_2^1+B_17^1,68,"[(2, 1, 5), (17, 1, 2)]"
695,F_2^1+B_17^1,68,"[(2, 1, 6), (17, 1, 2)]"
696,A_3^1+A_23^1,69,"[(3, 1, 1), (23, 1, 1)]"
697,B_3^1+A_23^1,69,"[(3, 1, 2), (23, 1, 1)]"
698,A_3^1+B_23^1,69,"[(3, 1, 1), (23, 1, 2)]"
699,B_3^1+B_23^1,69,"[(3, 1, 2), (23, 1, 2)]"
700,A_2^1+A_5^1+A_7^1,70,"[(2, 1, 1), (5, 1, 1), (7, 1, 1)]"
701,B_2^1+A_5^1+A_7^1,70,"[(2, 1, 2), (5, 1, 1), (7, 1, 1)]"
702,A_2^1+B_5^1+A_7^1,70,"[(2, 1, 1), (5, 1, 2), (7, 1, 1)]"
703,B_2^1+B_5^1+A_7^1,70,"[(2, 1, 2), (5, 1, 2), (7, 1, 1)]"
704,A_2^1+A_5^1+B_7^1,70,"[(2, 1, 1), (5, 1, 1), (7, 1, 2)]"
705,B_2^1+A_5^1+B_7^1,70,"[(2, 1, 2), (5, 1, 1), (7, 1, 2)]"
706,A_2^1+B_5^1+B_7^1,70,"[(2, 1, 1), (5, 1, 2), (7, 1, 2)]"
707,B_2^1+B_5^1+B_7^1,70,"[(2, 1, 2), (5, 1, 2), (7, 1, 2)]"
708,A_71^1,71,"[(71, 1, 1)]"
709,B_71^1,71,"[(71, 1, 2)]"
710,A_2^3+A_3^2,72,"[(2, 3, 1), (3, 2, 1)]"
711,B_2^3+A_3^2,72,"[(2, 3, 2), (3, 2, 1)]"
712,C_2^3+A_3^2,72,"[(2, 3, 3), (3, 2, 1)]"
713,D_2^3+A_3^2,72,"[(2, 3, 4), (3, 2, 1)]"
714,A_2^3+B_3^2,72,"[(2, 3, 1), (3, 2, 2)]"
715,B_2^3+B_3^2,72,"[(2, 3, 2), (3, 2, 2)]"
716,C_2^3+B_3^2,72,"[(2, 3, 3), (3, 2, 2)]"
717,D_2^3+B_3^2,72,"[(2, 3, 4), (3, 2, 2)]"
718,A_2^3+A_3^1+A_3^1,72,"[(2, 3, 1), (3, 1, 1), (3, 1, 1)]"
719,B_2^3+A_3^1+A_3^1,72,"[(2, 3, 2), (3, 1, 1), (3, 1, 1)]"
720,C_2^3+A_3^1+A_3^1,72,"[(2, 3, 3), (3, 1, 1), (3, 1, 1)]"
721,D_2^3+A_3^1+A_3^1,72,"[(2, 3, 4), (3, 1, 1), (3, 1, 1)]"
722,A_2^2+A_2^1+A_3^2,72,"[(2, 2, 1), (2, 1, 1), (3, 2, 1)]"
723,B_2^2+A_2^1+A_3^2,72,"[(2, 2, 2), (2, 1, 1), (3, 2, 1)]"
724,C_2^2+A_2^1+A_3^2,72,"[(2, 2, 3), (2, 1, 1), (3, 2, 1)]"
725,D_2^2+A_2^1+A_3^2,72,"[(2, 2, 4), (2, 1, 1), (3, 2, 1)]"
726,A_2^2+A_2^1+B_3^2,72,"[(2, 2, 1), (2, 1, 1), (3, 2, 2)]"
727,B_2^2+A_2^1+B_3^2,72,"[(2, 2, 2), (2, 1, 1), (3, 2, 2)]"
728,C_2^2+A_2^1+B_3^2,72,"[(2, 2, 3), (2, 1, 1), (3, 2, 2)]"
729,D_2^2+A_2^1+B_3^2,72,"[(2, 2, 4), (2, 1, 1), (3, 2, 2)]"
730,A_2^2+A_2^1+A_3^1+A_3^1,72,"[(2, 2, 1), (2, 1, 1), (3, 1, 1), (3, 1, 1)]"
731,B_2^2+A_2^1+A_3^1+A_3^1,72,"[(2, 2, 2), (2, 1, 1), (3, 1, 1), (3, 1, 1)]"
732,C_2^2+A_2^1+A_3^1+A_3^1,72,"[(2, 2, 3), (2, 1, 1), (3, 1, 1), (3, 1, 1)]"
733,D_2^2+A_2^1+A_3^1+A_3^1,72,"[(2, 2, 4), (2, 1, 1), (3, 1, 1), (3, 1, 1)]"
734,A_2^1+A_2^1+A_2^1+A_3^2,72,"[(2, 1, 1), (2, 1, 1), (2, 1, 1), (3, 2, 1)]"
735,A_2^1+A_2^1+B_2^1+A_3^2,72,"[(2, 1, 1), (2, 1, 1), (2, 1, 2), (3, 2, 1)]"
736,A_2^1+B_2^1+B_2^1+A_3^2,72,"[(2, 1, 1), (2, 1, 2), (2, 1, 2), (3, 2, 1)]"
737,B_2^1+B_2^1+B_2^1+A_3^2,72,"[(2, 1, 2), (2, 1, 2), (2, 1, 2), (3, 2, 1)]"
738,A_2^1+A_2^1+A_2^1+B_3^2,72,"[(2, 1, 1), (2, 1, 1), (2, 1, 1), (3, 2, 2)]"
739,A_2^1+A_2^1+B_2^1+B_3^2,72,"[(2, 1, 1), (2, 1, 1), (2, 1, 2), (3, 2, 2)]"
740,A_2^1+B_2^1+B_2^1+B_3^2,72,"[(2, 1, 1), (2, 1, 2), (2, 1, 2), (3, 2, 2)]"
741,B_2^1+B_2^1+B_2^1+B_3^2,72,"[(2, 1, 2), (2, 1, 2), (2, 1, 2), (3, 2, 2)]"
742,A_2^1+A_2^1+A_2^1+A_3^1+A_3^1,72,"[(2, 1, 1), (2, 1, 1), (2, 1, 1), (3, 1, 1), (3, 1, 1)]"
743,A_2^1+A_2^1+B_2^1+A_3^1+A_3^1,72,"[(2, 1, 1), (2, 1, 1), (2, 1, 2), (3, 1, 1), (3, 1, 1)]"
744,A_2^1+B_2^1+B_2^1+A_3^1+A_3^1,72,"[(2, 1, 1), (2, 1, 2), (2, 1, 2), (3, 1, 1), (3, 1, 1)]"
745,B_2^1+B_2^1+B_2^1+A_3^1+A_3^1,72,"[(2, 1, 2), (2, 1, 2), (2, 1, 2), (3, 1, 1), (3, 1, 1)]"
746,A_73^1,73,"[(73, 1, 1)]"
747,B_73^1,73,"[(73, 1, 2)]"
748,A_2^1+A_37^1,74,"[(2, 1, 1), (37, 1, 1)]"
749,B_2^1+A_37^1,74,"[(2, 1, 2), (37, 1, 1)]"
750,A_2^1+B_37^1,74,"[(2, 1, 1), (37, 1, 2)]"
751,B_2^1+B_37^1,74,"[(2, 1, 2), (37, 1, 2)]"
752,A_3^1+A_5^2,75,"[(3, 1, 1), (5, 2, 1)]"
753,B_3^1+A_5^2,75,"[(3, 1, 2), (5, 2, 1)]"
754,A_3^1+B_5^2,75,"[(3, 1, 1), (5, 2, 2)]"
755,B_3^1+B_5^2,75,"[(3, 1, 2), (5, 2, 2)]"
756,A_3^1+A_5^1+A_5^1,75,"[(3, 1, 1), (5, 1, 1), (5, 1, 1)]"
757,B_3^1+A_5^1+A_5^1,75,"[(3, 1, 2), (5, 1, 1), (5, 1, 1)]"
758,A_2^2+A_19^1,76,"[(2, 2, 1), (19, 1, 1)]"
759,B_2^2+A_19^1,76,"[(2, 2, 2), (19, 1, 1)]"
760,C_2^2+A_19^1,76,"[(2, 2, 3), (19, 1, 1)]"
761,D_2^2+A_19^1,76,"[(2, 2, 4), (19, 1, 1)]"
762,A_2^2+B_19^1,76,"[(2, 2, 1), (19, 1, 2)]"
763,B_2^2+B_19^1,76,"[(2, 2, 2), (19, 1, 2)]"
764,C_2^2+B_19^1,76,"[(2, 2, 3), (19, 1, 2)]"
765,D_2^2+B_19^1,76,"[(2, 2, 4), (19, 1, 2)]"
766,A_2^1+A_2^1+A_19^1,76,"[(2, 1, 1), (2, 1, 1), (19, 1, 1)]"
767,A_2^1+B_2^1+A_19^1,76,"[(2, 1, 1), (2, 1, 2), (19, 1, 1)]"
768,B_2^1+B_2^1+A_19^1,76,"[(2, 1, 2), (2, 1, 2), (19, 1, 1)]"
769,E_2^1+A_19^1,76,"[(2, 1, 5), (19, 1, 1)]"
770,F_2^1+A_19^1,76,"[(2, 1, 6), (19, 1, 1)]"
771,A_2^1+A_2^1+B_19^1,76,"[(2, 1, 1), (2, 1, 1), (19, 1, 2)]"
772,A_2^1+B_2^1+B_19^1,76,"[(2, 1, 1), (2, 1, 2), (19, 1, 2)]"
773,B_2^1+B_2^1+B_19^1,76,"[(2, 1, 2), (2, 1, 2), (19, 1, 2)]"
774,E_2^1+B_19^1,76,"[(2, 1, 5), (19, 1, 2)]"
775,F_2^1+B_19^1,76,"[(2, 1, 6), (19, 1, 2)]"
776,A_7^1+A_11^1,77,"[(7, 1, 1), (11, 1, 1)]"
777,B_7^1+A_11^1,77,"[(7, 1, 2), (11, 1, 1)]"
778,A_7^1+B_11^1,77,"[(7, 1, 1), (11, 1, 2)]"
779,B_7^1+B_11^1,77,"[(7, 1, 2), (11, 1, 2)]"
780,A_2^1+A_3^1+A_13^1,78,"[(2, 1, 1), (3, 1, 1), (13, 1, 1)]"
781,B_2^1+A_3^1+A_13^1,78,"[(2, 1, 2), (3, 1, 1), (13, 1, 1)]"
782,A_2^1+B_3^1+A_13^1,78,"[(2, 1, 1), (3, 1, 2), (13, 1, 1)]"
783,B_2^1+B_3^1+A_13^1,78,"[(2, 1, 2), (3, 1, 2), (13, 1, 1)]"
784,A_2^1+A_3^1+B_13^1,78,"[(2, 1, 1), (3, 1, 1), (13, 1, 2)]"
785,B_2^1+A_3^1+B_13^1,78,"[(2, 1, 2), (3, 1, 1), (13, 1, 2)]"
786,A_2^1+B_3^1+B_13^1,78,"[(2, 1, 1), (3, 1, 2), (13, 1, 2)]"
787,B_2^1+B_3^1+B_13^1,78,"[(2, 1, 2), (3, 1, 2), (13, 1, 2)]"
788,A_79^1,79,"[(79, 1, 1)]"
789,B_79^1,79,"[(79, 1, 2)]"
790,A_2^4+A_5^1,80,"[(2, 4, 1), (5, 1, 1)]"
791,B_2^4+A_5^1,80,"[(2, 4, 2), (5, 1, 1)]"
792,C_2^4+A_5^1,80,"[(2, 4, 3), (5, 1, 1)]"
793,D_2^4+A_5^1,80,"[(2, 4, 4), (5, 1, 1)]"
794,A_2^4+B_5^1,80,"[(2, 4, 1), (5, 1, 2)]"
795,B_2^4+B_5^1,80,"[(2, 4, 2), (5, 1, 2)]"
796,C_2^4+B_5^1,80,"[(2, 4, 3), (5, 1, 2)]"
797,D_2^4+B_5^1,80,"[(2, 4, 4), (5, 1, 2)]"
798,A_2^3+A_2^1+A_5^1,80,"[(2, 3, 1), (2, 1, 1), (5, 1, 1)]"
799,B_2^3+A_2^1+A_5^1,80,"[(2, 3, 2), (2, 1, 1), (5, 1, 1)]"
800,A_2^3+B_2^1+A_5^1,80,"[(2, 3, 1), (2, 1, 2), (5, 1, 1)]"
801,B_2^3+B_2^1+A_5^1,80,"[(2, 3, 2), (2, 1, 2), (5, 1, 1)]"
802,A_2^3+A_2^1+B_5^1,80,"[(2, 3, 1), (2, 1, 1), (5, 1, 2)]"
803,B_2^3+A_2^1+B_5^1,80,"[(2, 3, 2), (2, 1, 1), (5, 1, 2)]"
804,A_2^3+B_2^1+B_5^1,80,"[(2, 3, 1), (2, 1, 2), (5, 1, 2)]"
805,B_2^3+B_2^1+B_5^1,80,"[(2, 3, 2), (2, 1, 2), (5, 1, 2)]"
806,A_2^2+A_2^2+A_5^1,80,"[(2, 2, 1), (2, 2, 1), (5, 1, 1)]"
807,A_2^2+B_2^2+A_5^1,80,"[(2, 2, 1), (2, 2, 2), (5, 1, 1)]"
808,B_2^2+B_2^2+A_5^1,80,"[(2, 2, 2), (2, 2, 2), (5, 1, 1)]"
809,A_2^2+C_2^2+A_5^1,80,"[(2, 2, 1), (2, 2, 3), (5, 1, 1)]"
810,B_2^2+C_2^2+A_5^1,80,"[(2, 2, 2), (2, 2, 3), (5, 1, 1)]"
811,B_2^2+D_2^2+A_5^1,80,"[(2, 2, 2), (2, 2, 4), (5, 1, 1)]"
812,E_2^2+A_5^1,80,"[(2, 2, 5), (5, 1, 1)]"
813,F_2^2+A_5^1,80,"[(2, 2, 6), (5, 1, 1)]"
814,A_2^2+A_2^2+B_5^1,80,"[(2, 2, 1), (2, 2, 1), (5, 1, 2)]"
815,A_2^2+B_2^2+B_5^1,80,"[(2, 2, 1), (2, 2, 2), (5, 1, 2)]"
816,B_2^2+B_2^2+B_5^1,80,"[(2, 2, 2), (2, 2, 2), (5, 1, 2)]"
817,A_2^2+C_2^2+B_5^1,80,"[(2, 2, 1), (2, 2, 3), (5, 1, 2)]"
818,B_2^2+C_2^2+B_5^1,80,"[(2, 2, 2), (2, 2, 3), (5, 1, 2)]"
819,B_2^2+D_2^2+B_5^1,80,"[(2, 2, 2), (2, 2, 4), (5, 1, 2)]"
820,E_2^2+B_5^1,80,"[(2, 2, 5), (5, 1, 2)]"
821,F_2^2+B_5^1,80,"[(2, 2, 6), (5, 1, 2)]"
822,A_2^2+A_2^1+A_2^1+A_5^1,80,"[(2, 2, 1), (2, 1, 1), (2, 1, 1), (5, 1, 1)]"
823,B_2^2+A_2^1+A_2^1+A_5^1,80,"[(2, 2, 2), (2, 1, 1), (2, 1, 1), (5, 1, 1)]"
824,C_2^2+A_2^1+A_2^1+A_5^1,80,"[(2, 2, 3), (2, 1, 1), (2, 1, 1), (5, 1, 1)]"
825,D_2^2+A_2^1+A_2^1+A_5^1,80,"[(2, 2, 4), (2, 1, 1), (2, 1, 1), (5, 1, 1)]"
826,A_2^2+E_2^1+A_5^1,80,"[(2, 2, 1), (2, 1, 5), (5, 1, 1)]"
827,B_2^2+E_2^1+A_5^1,80,"[(2, 2, 2), (2, 1, 5), (5, 1, 1)]"
828,C_2^2+E_2^1+A_5^1,80,"[(2, 2, 3), (2, 1, 5), (5, 1, 1)]"
829,D_2^2+E_2^1+A_5^1,80,"[(2, 2, 4), (2, 1, 5), (5, 1, 1)]"
830,A_2^2+A_2^1+A_2^1+B_5^1,80,"[(2, 2, 1), (2, 1, 1), (2, 1, 1), (5, 1, 2)]"
831,B_2^2+A_2^1+A_2^1+B_5^1,80,"[(2, 2, 2), (2, 1, 1), (2, 1, 1), (5, 1, 2)]"
832,C_2^2+A_2^1+A_2^1+B_5^1,80,"[(2, 2, 3), (2, 1, 1), (2, 1, 1), (5, 1, 2)]"
833,D_2^2+A_2^1+A_2^1+B_5^1,80,"[(2, 2, 4), (2, 1, 1), (2, 1, 1), (5, 1, 2)]"
834,A_2^2+E_2^1+B_5^1,80,"[(2, 2, 1), (2, 1, 5), (5, 1, 2)]"
835,B_2^2+E_2^1+B_5^1,80,"[(2, 2, 2), (2, 1, 5), (5, 1, 2)]"
836,C_2^2+E_2^1+B_5^1,80,"[(2, 2, 3), (2, 1, 5), (5, 1, 2)]"
837,D_2^2+E_2^1+B_5^1,80,"[(2, 2, 4), (2, 1, 5), (5, 1, 2)]"
838,A_2^1+A_2^1+A_2^1+A_2^1+A_5^1,80,"[(2, 1, 1), (2, 1, 1), (2, 1, 1), (2, 1, 1), (5, 1, 1)]"
839,A_2^1+A_2^1+A_2^1+B_2^1+A_5^1,80,"[(2, 1, 1), (2, 1, 1), (2, 1, 1), (2, 1, 2), (5, 1, 1)]"
840,A_2^1+A_2^1+B_2^1+B_2^1+A_5^1,80,"[(2, 1, 1), (2, 1, 1), (2, 1, 2), (2, 1, 2), (5, 1, 1)]"
841,A_2^1+B_2^1+B_2^1+B_2^1+A_5^1,80,"[(2, 1, 1), (2, 1, 2), (2, 1, 2), (2, 1, 2), (5, 1, 1)]"
842,E_2^1+E_2^1+A_5^1,80,"[(2, 1, 5), (2, 1, 5), (5, 1, 1)]"
843,E_2^1+F_2^1+A_5^1,80,"[(2, 1, 5), (2, 1, 6), (5, 1, 1)]"
844,A_2^1+A_2^1+A_2^1+A_2^1+B_5^1,80,"[(2, 1, 1), (2, 1, 1), (2, 1, 1), (2, 1, 1), (5, 1, 2)]"
845,A_2^1+A_2^1+A_2^1+B_2^1+B_5^1,80,"[(2, 1, 1), (2, 1, 1), (2, 1, 1), (2, 1, 2), (5, 1, 2)]"
846,A_2^1+A_2^1+B_2^1+B_2^1+B_5^1,80,"[(2, 1, 1), (2, 1, 1), (2, 1, 2), (2, 1, 2), (5, 1, 2)]"
847,A_2^1+B_2^1+B_2^1+B_2^1+B_5^1,80,"[(2, 1, 1), (2, 1, 2), (2, 1, 2), (2, 1, 2), (5, 1, 2)]"
848,E_2^1+E_2^1+B_5^1,80,"[(2, 1, 5), (2, 1, 5), (5, 1, 2)]"
849,E_2^1+F_2^1+B_5^1,80,"[(2, 1, 5), (2, 1, 6), (5, 1, 2)]"
850,A_3^4,81,"[(3, 4, 1)]"
851,B_3^4,81,"[(3, 4, 2)]"
852,A_3^3+A_3^1,81,"[(3, 3, 1), (3, 1, 1)]"
853,B_3^3+A_3^1,81,"[(3, 3, 2), (3, 1, 1)]"
854,A_3^3+B_3^1,81,"[(3, 3, 1), (3, 1, 2)]"
855,B_3^3+B_3^1,81,"[(3, 3, 2), (3, 1, 2)]"
856,A_3^2+A_3^2,81,"[(3, 2, 1), (3, 2, 1)]"
857,A_3^2+A_3^1+A_3^1,81,"[(3, 2, 1), (3, 1, 1), (3, 1, 1)]"
858,B_3^2+A_3^1+A_3^1,81,"[(3, 2, 2), (3, 1, 1), (3, 1, 1)]"
859,A_3^1+A_3^1+A_3^1+A_3^1,81,"[(3, 1, 1), (3, 1, 1), (3, 1, 1), (3, 1, 1)]"
860,A_2^1+A_41^1,82,"[(2, 1, 1), (41, 1, 1)]"
861,B_2^1+A_41^1,82,"[(2, 1, 2), (41, 1, 1)]"
862,A_2^1+B_41^1,82,"[(2, 1, 1), (41, 1, 2)]"
863,B_2^1+B_41^1,82,"[(2, 1, 2), (41, 1, 2)]"
864,A_83^1,83,"[(83, 1, 1)]"
865,B_83^1,83,"[(83, 1, 2)]"
866,A_2^2+A_3^1+A_7^1,84,"[(2, 2, 1), (3, 1, 1), (7, 1, 1)]"
867,B_2^2+A_3^1+A_7^1,84,"[(2, 2, 2), (3, 1, 1), (7, 1, 1)]"
868,C_2^2+A_3^1+A_7^1,84,"[(2, 2, 3), (3, 1, 1), (7, 1, 1)]"
869,D_2^2+A_3^1+A_7^1,84,"[(2, 2, 4), (3, 1, 1), (7, 1, 1)]"
870,A_2^2+B_3^1+A_7^1,84,"[(2, 2, 1), (3, 1, 2), (7, 1, 1)]"
871,B_2^2+B_3^1+A_7^1,84,"[(2, 2, 2), (3, 1, 2), (7, 1, 1)]"
872,C_2^2+B_3^1+A_7^1,84,"[(2, 2, 3), (3, 1, 2), (7, 1, 1)]"
873,D_2^2+B_3^1+A_7^1,84,"[(2, 2, 4), (3, 1, 2), (7, 1, 1)]"
874,A_2^2+A_3^1+B_7^1,84,"[(2, 2, 1), (3, 1, 1), (7, 1, 2)]"
875,B_2^2+A_3^1+B_7^1,84,"[(2, 2, 2), (3, 1, 1), (7, 1, 2)]"
876,C_2^2+A_3^1+B_7^1,84,"[(2, 2, 3), (3, 1, 1), (7, 1, 2)]"
877,D_2^2+A_3^1+B_7^1,84,"[(2, 2, 4), (3, 1, 1), (7, 1, 2)]"
878,A_2^2+B_3^1+B_7^1,84,"[(2, 2, 1), (3, 1, 2), (7, 1, 2)]"
879,B_2^2+B_3^1+B_7^1,84,"[(2, 2, 2), (3, 1, 2), (7, 1, 2)]"
880,C_2^2+B_3^1+B_7^1,84,"[(2, 2, 3), (3, 1, 2), (7, 1, 2)]"
881,D_2^2+B_3^1+B_7^1,84,"[(2, 2, 4), (3, 1, 2), (7, 1, 2)]"
882,A_2^1+A_2^1+A_3^1+A_7^1,84,"[(2, 1, 1), (2, 1, 1), (3, 1, 1), (7, 1, 1)]"
883,A_2^1+B_2^1+A_3^1+A_7^1,84,"[(2, 1, 1), (2, 1, 2), (3, 1, 1), (7, 1, 1)]"
884,B_2^1+B_2^1+A_3^1+A_7^1,84,"[(2, 1, 2), (2, 1, 2), (3, 1, 1), (7, 1, 1)]"
885,E_2^1+A_3^1+A_7^1,84,"[(2, 1, 5), (3, 1, 1), (7, 1, 1)]"
886,F_2^1+A_3^1+A_7^1,84,"[(2, 1, 6), (3, 1, 1), (7, 1, 1)]"
887,A_2^1+A_2^1+B_3^1+A_7^1,84,"[(2, 1, 1), (2, 1, 1), (3, 1, 2), (7, 1, 1)]"
888,A_2^1+B_2^1+B_3^1+A_7^1,84,"[(2, 1, 1), (2, 1, 2), (3, 1, 2), (7, 1, 1)]"
889,B_2^1+B_2^1+B_3^1+A_7^1,84,"[(2, 1, 2), (2, 1, 2), (3, 1, 2), (7, 1, 1)]"
890,E_2^1+B_3^1+A_7^1,84,"[(2, 1, 5), (3, 1, 2), (7, 1, 1)]"
891,F_2^1+B_3^1+A_7^1,84,"[(2, 1, 6), (3, 1, 2), (7, 1, 1)]"
892,A_2^1+A_2^1+A_3^1+B_7^1,84,"[(2, 1, 1), (2, 1, 1), (3, 1, 1), (7, 1, 2)]"
893,A_2^1+B_2^1+A_3^1+B_7^1,84,"[(2, 1, 1), (2, 1, 2), (3, 1, 1), (7, 1, 2)]"
894,B_2^1+B_2^1+A_3^1+B_7^1,84,"[(2, 1, 2), (2, 1, 2), (3, 1, 1), (7, 1, 2)]"
895,E_2^1+A_3^1+B_7^1,84,"[(2, 1, 5), (3, 1, 1), (7, 1, 2)]"
896,F_2^1+A_3^1+B_7^1,84,"[(2, 1, 6), (3, 1, 1), (7, 1, 2)]"
897,A_2^1+A_2^1+B_3^1+B_7^1,84,"[(2, 1, 1), (2, 1, 1), (3, 1, 2), (7, 1, 2)]"
898,A_2^1+B_2^1+B_3^1+B_7^1,84,"[(2, 1, 1), (2, 1, 2), (3, 1, 2), (7, 1, 2)]"
899,B_2^1+B_2^1+B_3^1+B_7^1,84,"[(2, 1, 2), (2, 1, 2), (3, 1, 2), (7, 1, 2)]"
900,E_2^1+B_3^1+B_7^1,84,"[(2, 1, 5), (3, 1, 2), (7, 1, 2)]"
901,F_2^1+B_3^1+B_7^1,84,"[(2, 1, 6), (3, 1, 2), (7, 1, 2)]"
902,A_5^1+A_17^1,85,"[(5, 1, 1), (17, 1, 1)]"
903,B_5^1+A_17^1,85,"[(5, 1, 2), (17, 1, 1)]"
904,A_5^1+B_17^1,85,"[(5, 1, 1), (17, 1, 2)]"
905,B_5^1+B_17^1,85,"[(5, 1, 2), (17, 1, 2)]"
906,A_2^1+A_43^1,86,"[(2, 1, 1), (43, 1, 1)]"
907,B_2^1+A_43^1,86,"[(2, 1, 2), (43, 1, 1)]"
908,A_2^1+B_43^1,86,"[(2, 1, 1), (43, 1, 2)]"
909,B_2^1+B_43^1,86,"[(2, 1, 2), (43, 1, 2)]"
910,A_3^1+A_29^1,87,"[(3, 1, 1), (29, 1, 1)]"
911,B_3^1+A_29^1,87,"[(3, 1, 2), (29, 1, 1)]"
912,A_3^1+B_29^1,87,"[(3, 1, 1), (29, 1, 2)]"
913,B_3^1+B_29^1,87,"[(3, 1, 2), (29, 1, 2)]"
914,A_2^3+A_11^1,88,"[(2, 3, 1), (11, 1, 1)]"
915,B_2^3+A_11^1,88,"[(2, 3, 2), (11, 1, 1)]"
916,C_2^3+A_11^1,88,"[(2, 3, 3), (11, 1, 1)]"
917,D_2^3+A_11^1,88,"[(2, 3, 4), (11, 1, 1)]"
918,A_2^3+B_11^1,88,"[(2, 3, 1), (11, 1, 2)]"
919,B_2^3+B_11^1,88,"[(2, 3, 2), (11, 1, 2)]"
920,C_2^3+B_11^1,88,"[(2, 3, 3), (11, 1, 2)]"
921,D_2^3+B_11^1,88,"[(2, 3, 4), (11, 1, 2)]"
922,A_2^2+A_2^1+A_11^1,88,"[(2, 2, 1), (2, 1, 1), (11, 1, 1)]"
923,B_2^2+A_2^1+A_11^1,88,"[(2, 2, 2), (2, 1, 1), (11, 1, 1)]"
924,C_2^2+A_2^1+A_11^1,88,"[(2, 2, 3), (2, 1, 1), (11, 1, 1)]"
925,D_2^2+A_2^1+A_11^1,88,"[(2, 2, 4), (2, 1, 1), (11, 1, 1)]"
926,A_2^2+A_2^1+B_11^1,88,"[(2, 2, 1), (2, 1, 1), (11, 1, 2)]"
927,B_2^2+A_2^1+B_11^1,88,"[(2, 2, 2), (2, 1, 1), (11, 1, 2)]"
928,C_2^2+A_2^1+B_11^1,88,"[(2, 2, 3), (2, 1, 1), (11, 1, 2)]"
929,D_2^2+A_2^1+B_11^1,88,"[(2, 2, 4), (2, 1, 1), (11, 1, 2)]"
930,A_2^1+A_2^1+A_2^1+A_11^1,88,"[(2, 1, 1), (2, 1, 1), (2, 1, 1), (11, 1, 1)]"
931,A_2^1+A_2^1+B_2^1+A_11^1,88,"[(2, 1, 1), (2, 1, 1), (2, 1, 2), (11, 1, 1)]"
932,A_2^1+B_2^1+B_2^1+A_11^1,88,"[(2, 1, 1), (2, 1, 2), (2, 1, 2), (11, 1, 1)]"
933,B_2^1+B_2^1+B_2^1+A_11^1,88,"[(2, 1, 2), (2, 1, 2), (2, 1, 2), (11, 1, 1)]"
934,A_2^1+A_2^1+A_2^1+B_11^1,88,"[(2, 1, 1), (2, 1, 1), (2, 1, 1), (11, 1, 2)]"
935,A_2^1+A_2^1+B_2^1+B_11^1,88,"[(2, 1, 1), (2, 1, 1), (2, 1, 2), (11, 1, 2)]"
936,A_2^1+B_2^1+B_2^1+B_11^1,88,"[(2, 1, 1), (2, 1, 2), (2, 1, 2), (11, 1, 2)]"
937,B_2^1+B_2^1+B_2^1+B_11^1,88,"[(2, 1, 2), (2, 1, 2), (2, 1, 2), (11, 1, 2)]"
938,A_89^1,89,"[(89, 1, 1)]"
939,B_89^1,89,"[(89, 1, 2)]"
940,A_2^1+A_3^2+A_5^1,90,"[(2, 1, 1), (3, 2, 1), (5, 1, 1)]"
941,B_2^1+A_3^2+A_5^1,90,"[(2, 1, 2), (3, 2, 1), (5, 1, 1)]"
942,A_2^1+B_3^2+A_5^1,90,"[(2, 1, 1), (3, 2, 2), (5, 1, 1)]"
943,B_2^1+B_3^2+A_5^1,90,"[(2, 1, 2), (3, 2, 2), (5, 1, 1)]"
944,A_2^1+A_3^2+B_5^1,90,"[(2, 1, 1), (3, 2, 1), (5, 1, 2)]"
945,B_2^1+A_3^2+B_5^1,90,"[(2, 1, 2), (3, 2, 1), (5, 1, 2)]"
946,A_2^1+B_3^2+B_5^1,90,"[(2, 1, 1), (3, 2, 2), (5, 1, 2)]"
947,B_2^1+B_3^2+B_5^1,90,"[(2, 1, 2), (3, 2, 2), (5, 1, 2)]"
948,A_2^1+A_3^1+A_3^1+A_5^1,90,"[(2, 1, 1), (3, 1, 1), (3, 1, 1), (5, 1, 1)]"
949,B_2^1+A_3^1+A_3^1+A_5^1,90,"[(2, 1, 2), (3, 1, 1), (3, 1, 1), (5, 1, 1)]"
950,A_2^1+A_3^1+A_3^1+B_5^1,90,"[(2, 1, 1), (3, 1, 1), (3, 1, 1), (5, 1, 2)]"
951,B_2^1+A_3^1+A_3^1+B_5^1,90,"[(2, 1, 2), (3, 1, 1), (3, 1, 1), (5, 1, 2)]"
952,A_7^1+A_13^1,91,"[(7, 1, 1), (13, 1, 1)]"
953,B_7^1+A_13^1,91,"[(7, 1, 2), (13, 1, 1)]"
954,A_7^1+B_13^1,91,"[(7, 1, 1), (13, 1, 2)]"
955,B_7^1+B_13^1,91,"[(7, 1, 2), (13, 1, 2)]"
956,A_2^2+A_23^1,92,"[(2, 2, 1), (23, 1, 1)]"
957,B_2^2+A_23^1,92,"[(2, 2, 2), (23, 1, 1)]"
958,C_2^2+A_23^1,92,"[(2, 2, 3), (23, 1, 1)]"
959,D_2^2+A_23^1,92,"[(2, 2, 4), (23, 1, 1)]"
960,A_2^2+B_23^1,92,"[(2, 2, 1), (23, 1, 2)]"
961,B_2^2+B_23^1,92,"[(2, 2, 2), (23, 1, 2)]"
962,C_2^2+B_23^1,92,"[(2, 2, 3), (23, 1, 2)]"
963,D_2^2+B_23^1,92,"[(2, 2, 4), (23, 1, 2)]"
964,A_2^1+A_2^1+A_23^1,92,"[(2, 1, 1), (2, 1, 1), (23, 1, 1)]"
965,A_2^1+B_2^1+A_23^1,92,"[(2, 1, 1), (2, 1, 2), (23, 1, 1)]"
966,B_2^1+B_2^1+A_23^1,92,"[(2, 1, 2), (2, 1, 2), (23, 1, 1)]"
967,E_2^1+A_23^1,92,"[(2, 1, 5), (23, 1, 1)]"
968,F_2^1+A_23^1,92,"[(2, 1, 6), (23, 1, 1)]"
969,A_2^1+A_2^1+B_23^1,92,"[(2, 1, 1), (2, 1, 1), (23, 1, 2)]"
970,A_2^1+B_2^1+B_23^1,92,"[(2, 1, 1), (2, 1, 2), (23, 1, 2)]"
971,B_2^1+B_2^1+B_23^1,92,"[(2, 1, 2), (2, 1, 2), (23, 1, 2)]"
972,E_2^1+B_23^1,92,"[(2, 1, 5), (23, 1, 2)]"
973,F_2^1+B_23^1,92,"[(2, 1, 6), (23, 1, 2)]"
974,A_3^1+A_31^1,93,"[(3, 1, 1), (31, 1, 1)]"
975,B_3^1+A_31^1,93,"[(3, 1, 2), (31, 1, 1)]"
976,A_3^1+B_31^1,93,"[(3, 1, 1), (31, 1, 2)]"
977,B_3^1+B_31^1,93,"[(3, 1, 2), (31, 1, 2)]"
978,A_2^1+A_47^1,94,"[(2, 1, 1), (47, 1, 1)]"
979,B_2^1+A_47^1,94,"[(2, 1, 2), (47, 1, 1)]"
980,A_2^1+B_47^1,94,"[(2, 1, 1), (47, 1, 2)]"
981,B_2^1+B_47^1,94,"[(2, 1, 2), (47, 1, 2)]"
982,A_5^1+A_19^1,95,"[(5, 1, 1), (19, 1, 1)]"
983,B_5^1+A_19^1,95,"[(5, 1, 2), (19, 1, 1)]"
984,A_5^1+B_19^1,95,"[(5, 1, 1), (19, 1, 2)]"
985,B_5^1+B_19^1,95,"[(5, 1, 2), (19, 1, 2)]"
986,A_2^5+A_3^1,96,"[(2, 5, 1), (3, 1, 1)]"
987,B_2^5+A_3^1,96,"[(2, 5, 2), (3, 1, 1)]"
988,C_2^5+A_3^1,96,"[(2, 5, 3), (3, 1, 1)]"
989,D_2^5+A_3^1,96,"[(2, 5, 4), (3, 1, 1)]"
990,A_2^5+B_3^1,96,"[(2, 5, 1), (3, 1, 2)]"
991,B_2^5+B_3^1,96,"[(2, 5, 2), (3, 1, 2)]"
992,C_2^5+B_3^1,96,"[(2, 5, 3), (3, 1, 2)]"
993,D_2^5+B_3^1,96,"[(2, 5, 4), (3, 1, 2)]"
994,A_2^4+A_2^1+A_3^1,96,"[(2, 4, 1), (2, 1, 1), (3, 1, 1)]"
995,B_2^4+A_2^1+A_3^1,96,"[(2, 4, 2), (2, 1, 1), (3, 1, 1)]"
996,C_2^4+A_2^1+A_3^1,96,"[(2, 4, 3), (2, 1, 1), (3, 1, 1)]"
997,D_2^4+A_2^1+A_3^1,96,"[(2, 4, 4), (2, 1, 1), (3, 1, 1)]"
998,A_2^4+B_2^1+A_3^1,96,"[(2, 4, 1), (2, 1, 2), (3, 1, 1)]"
999,B_2^4+B_2^1+A_3^1,96,"[(2, 4, 2), (2, 1, 2), (3, 1, 1)]"
1000,C_2^4+B_2^1+A_3^1,96,"[(2, 4, 3), (2, 1, 2), (3, 1, 1)]"
1001,D_2^4+B_2^1+A_3^1,96,"[(2, 4, 4), (2, 1, 2), (3, 1, 1)]"
1002,A_2^4+A_2^1+B_3^1,96,"[(2, 4, 1), (2, 1, 1), (3, 1, 2)]"
1003,B_2^4+A_2^1+B_3^1,96,"[(2, 4, 2), (2, 1, 1), (3, 1, 2)]"
1004,C_2^4+A_2^1+B_3^1,96,"[(2, 4, 3), (2, 1, 1), (3, 1, 2)]"
1005,D_2^4+A_2^1+B_3^1,96,"[(2, 4, 4), (2, 1, 1), (3, 1, 2)]"
1006,A_2^4+B_2^1+B_3^1,96,"[(2, 4, 1), (2, 1, 2), (3, 1, 2)]"
1007,B_2^4+B_2^1+B_3^1,96,"[(2, 4, 2), (2, 1, 2), (3, 1, 2)]"
1008,C_2^4+B_2^1+B_3^1,96,"[(2, 4, 3), (2, 1, 2), (3, 1, 2)]"
1009,D_2^4+B_2^1+B_3^1,96,"[(2, 4, 4), (2, 1, 2), (3, 1, 2)]"
1010,A_2^3+A_2^2+A_3^1,96,"[(2, 3, 1), (2, 2, 1), (3, 1, 1)]"
1011,B_2^3+A_2^2+A_3^1,96,"[(2, 3, 2), (2, 2, 1), (3, 1, 1)]"
1012,C_2^3+A_2^2+A_3^1,96,"[(2, 3, 3), (2, 2, 1), (3, 1, 1)]"
1013,D_2^3+A_2^2+A_3^1,96,"[(2, 3, 4), (2, 2, 1), (3, 1, 1)]"
1014,B_2^3+B_2^2+A_3^1,96,"[(2, 3, 2), (2, 2, 2), (3, 1, 1)]"
1015,D_2^3+B_2^2+A_3^1,96,"[(2, 3, 4), (2, 2, 2), (3, 1, 1)]"
1016,B_2^3+C_2^2+A_3^1,96,"[(2, 3, 2), (2, 2, 3), (3, 1, 1)]"
1017,D_2^3+C_2^2+A_3^1,96,"[(2, 3, 4), (2, 2, 3), (3, 1, 1)]"
1018,A_2^3+A_2^2+B_3^1,96,"[(2, 3, 1), (2, 2, 1), (3, 1, 2)]"
1019,B_2^3+A_2^2+B_3^1,96,"[(2, 3, 2), (2, 2, 1), (3, 1, 2)]"
1020,C_2^3+A_2^2+B_3^1,96,"[(2, 3, 3), (2, 2, 1), (3, 1, 2)]"
1021,D_2^3+A_2^2+B_3^1,96,"[(2, 3, 4), (2, 2, 1), (3, 1, 2)]"
1022,B_2^3+B_2^2+B_3^1,96,"[(2, 3, 2), (2, 2, 2), (3, 1, 2)]"
1023,D_2^3+B_2^2+B_3^1,96,"[(2, 3, 4), (2, 2, 2), (3, 1, 2)]"
1024,B_2^3+C_2^2+B_3^1,96,"[(2, 3, 2), (2, 2, 3), (3, 1, 2)]"
1025,D_2^3+C_2^2+B_3^1,96,"[(2, 3, 4), (2, 2, 3), (3, 1, 2)]"
1026,A_2^3+A_2^1+A_2^1+A_3^1,96,"[(2, 3, 1), (2, 1, 1), (2, 1, 1), (3, 1, 1)]"
1027,B_2^3+A_2^1+A_2^1+A_3^1,96,"[(2, 3, 2), (2, 1, 1), (2, 1, 1), (3, 1, 1)]"
1028,A_2^3+A_2^1+B_2^1+A_3^1,96,"[(2, 3, 1), (2, 1, 1), (2, 1, 2), (3, 1, 1)]"
1029,B_2^3+A_2^1+B_2^1+A_3^1,96,"[(2, 3, 2), (2, 1, 1), (2, 1, 2), (3, 1, 1)]"
1030,A_2^3+B_2^1+B_2^1+A_3^1,96,"[(2, 3, 1), (2, 1, 2), (2, 1, 2), (3, 1, 1)]"
1031,B_2^3+B_2^1+B_2^1+A_3^1,96,"[(2, 3, 2), (2, 1, 2), (2, 1, 2), (3, 1, 1)]"
1032,A_2^3+E_2^1+A_3^1,96,"[(2, 3, 1), (2, 1, 5), (3, 1, 1)]"
1033,B_2^3+E_2^1+A_3^1,96,"[(2, 3, 2), (2, 1, 5), (3, 1, 1)]"
1034,C_2^3+E_2^1+A_3^1,96,"[(2, 3, 3), (2, 1, 5), (3, 1, 1)]"
1035,D_2^3+E_2^1+A_3^1,96,"[(2, 3, 4), (2, 1, 5), (3, 1, 1)]"
1036,A_2^3+F_2^1+A_3^1,96,"[(2, 3, 1), (2, 1, 6), (3, 1, 1)]"
1037,B_2^3+F_2^1+A_3^1,96,"[(2, 3, 2), (2, 1, 6), (3, 1, 1)]"
1038,C_2^3+F_2^1+A_3^1,96,"[(2, 3, 3), (2, 1, 6), (3, 1, 1)]"
1039,D_2^3+F_2^1+A_3^1,96,"[(2, 3, 4), (2, 1, 6), (3, 1, 1)]"
1040,A_2^3+A_2^1+A_2^1+B_3^1,96,"[(2, 3, 1), (2, 1, 1), (2, 1, 1), (3, 1, 2)]"
1041,B_2^3+A_2^1+A_2^1+B_3^1,96,"[(2, 3, 2), (2, 1, 1), (2, 1, 1), (3, 1, 2)]"
1042,A_2^3+A_2^1+B_2^1+B_3^1,96,"[(2, 3, 1), (2, 1, 1), (2, 1, 2), (3, 1, 2)]"
1043,B_2^3+A_2^1+B_2^1+B_3^1,96,"[(2, 3, 2), (2, 1, 1), (2, 1, 2), (3, 1, 2)]"
1044,A_2^3+B_2^1+B_2^1+B_3^1,96,"[(2, 3, 1), (2, 1, 2), (2, 1, 2), (3, 1, 2)]"
1045,B_2^3+B_2^1+B_2^1+B_3^1,96,"[(2, 3, 2), (2, 1, 2), (2, 1, 2), (3, 1, 2)]"
1046,A_2^3+E_2^1+B_3^1,96,"[(2, 3, 1), (2, 1, 5), (3, 1, 2)]"
1047,B_2^3+E_2^1+B_3^1,96,"[(2, 3, 2), (2, 1, 5), (3, 1, 2)]"
1048,C_2^3+E_2^1+B_3^1,96,"[(2, 3, 3), (2, 1, 5), (3, 1, 2)]"
1049,D_2^3+E_2^1+B_3^1,96,"[(2, 3, 4), (2, 1, 5), (3, 1, 2)]"
1050,A_2^3+F_2^1+B_3^1,96,"[(2, 3, 1), (2, 1, 6), (3, 1, 2)]"
1051,B_2^3+F_2^1+B_3^1,96,"[(2, 3, 2), (2, 1, 6), (3, 1, 2)]"
1052,C_2^3+F_2^1+B_3^1,96,"[(2, 3, 3), (2, 1, 6), (3, 1, 2)]"
1053,D_2^3+F_2^1+B_3^1,96,"[(2, 3, 4), (2, 1, 6), (3, 1, 2)]"
1054,A_2^2+A_2^2+A_2^1+A_3^1,96,"[(2, 2, 1), (2, 2, 1), (2, 1, 1), (3, 1, 1)]"
1055,A_2^2+B_2^2+A_2^1+A_3^1,96,"[(2, 2, 1), (2, 2, 2), (2, 1, 1), (3, 1, 1)]"
1056,B_2^2+B_2^2+A_2^1+A_3^1,96,"[(2, 2, 2), (2, 2, 2), (2, 1, 1), (3, 1, 1)]"
1057,B_2^2+C_2^2+A_2^1+A_3^1,96,"[(2, 2, 2), (2, 2, 3), (2, 1, 1), (3, 1, 1)]"
1058,E_2^2+A_2^1+A_3^1,96,"[(2, 2, 5), (2, 1, 1), (3, 1, 1)]"
1059,E_2^2+B_2^1+A_3^1,96,"[(2, 2, 5), (2, 1, 2), (3, 1, 1)]"
1060,A_2^2+A_2^2+A_2^1+B_3^1,96,"[(2, 2, 1), (2, 2, 1), (2, 1, 1), (3, 1, 2)]"
1061,A_2^2+B_2^2+A_2^1+B_3^1,96,"[(2, 2, 1), (2, 2, 2), (2, 1, 1), (3, 1, 2)]"
1062,B_2^2+B_2^2+A_2^1+B_3^1,96,"[(2, 2, 2), (2, 2, 2), (2, 1, 1), (3, 1, 2)]"
1063,B_2^2+C_2^2+A_2^1+B_3^1,96,"[(2, 2, 2), (2, 2, 3), (2, 1, 1), (3, 1, 2)]"
1064,E_2^2+A_2^1+B_3^1,96,"[(2, 2, 5), (2, 1, 1), (3, 1, 2)]"
1065,E_2^2+B_2^1+B_3^1,96,"[(2, 2, 5), (2, 1, 2), (3, 1, 2)]"
1066,A_2^2+A_2^1+A_2^1+A_2^1+A_3^1,96,"[(2, 2, 1), (2, 1, 1), (2, 1, 1), (2, 1, 1), (3, 1, 1)]"
1067,B_2^2+A_2^1+A_2^1+A_2^1+A_3^1,96,"[(2, 2, 2), (2, 1, 1), (2, 1, 1), (2, 1, 1), (3, 1, 1)]"
1068,C_2^2+A_2^1+A_2^1+A_2^1+A_3^1,96,"[(2, 2, 3), (2, 1, 1), (2, 1, 1), (2, 1, 1), (3, 1, 1)]"
1069,D_2^2+A_2^1+A_2^1+A_2^1+A_3^1,96,"[(2, 2, 4), (2, 1, 1), (2, 1, 1), (2, 1, 1), (3, 1, 1)]"
1070,A_2^2+A_2^1+A_2^1+A_2^1+B_3^1,96,"[(2, 2, 1), (2, 1, 1), (2, 1, 1), (2, 1, 1), (3, 1, 2)]"
1071,B_2^2+A_2^1+A_2^1+A_2^1+B_3^1,96,"[(2, 2, 2), (2, 1, 1), (2, 1, 1), (2, 1, 1), (3, 1, 2)]"
1072,C_2^2+A_2^1+A_2^1+A_2^1+B_3^1,96,"[(2, 2, 3), (2, 1, 1), (2, 1, 1), (2, 1, 1), (3, 1, 2)]"
1073,D_2^2+A_2^1+A_2^1+A_2^1+B_3^1,96,"[(2, 2, 4), (2, 1, 1), (2, 1, 1), (2, 1, 1), (3, 1, 2)]"
1074,A_2^1+A_2^1+A_2^1+A_2^1+A_2^1+A_3^1,96,"[(2, 1, 1), (2, 1, 1), (2, 1, 1), (2, 1, 1), (2, 1, 1), (3, 1, 1)]"
1075,A_2^1+A_2^1+A_2^1+A_2^1+B_2^1+A_3^1,96,"[(2, 1, 1), (2, 1, 1), (2, 1, 1), (2, 1, 1), (2, 1, 2), (3, 1, 1)]"
1076,A_2^1+A_2^1+A_2^1+B_2^1+B_2^1+A_3^1,96,"[(2, 1, 1), (2, 1, 1), (2, 1, 1), (2, 1, 2), (2, 1, 2), (3, 1, 1)]"
1077,A_2^1+A_2^1+B_2^1+B_2^1+B_2^1+A_3^1,96,"[(2, 1, 1), (2, 1, 1), (2, 1, 2), (2, 1, 2), (2, 1, 2), (3, 1, 1)]"
1078,A_2^1+A_2^1+A_2^1+A_2^1+A_2^1+B_3^1,96,"[(2, 1, 1), (2, 1, 1), (2, 1, 1), (2, 1, 1), (2, 1, 1), (3, 1, 2)]"
1079,A_2^1+A_2^1+A_2^1+A_2^1+B_2^1+B_3^1,96,"[(2, 1, 1), (2, 1, 1), (2, 1, 1), (2, 1, 1), (2, 1, 2), (3, 1, 2)]"
1080,A_2^1+A_2^1+A_2^1+B_2^1+B_2^1+B_3^1,96,"[(2, 1, 1), (2, 1, 1), (2, 1, 1), (2, 1, 2), (2, 1, 2), (3, 1, 2)]"
1081,A_2^1+A_2^1+B_2^1+B_2^1+B_2^1+B_3^1,96,"[(2, 1, 1), (2, 1, 1), (2, 1, 2), (2, 1, 2), (2, 1, 2), (3, 1, 2)]"
1082,A_97^1,97,"[(97, 1, 1)]"
1083,B_97^1,97,"[(97, 1, 2)]"
1084,A_2^1+A_7^2,98,"[(2, 1, 1), (7, 2, 1)]"
1085,B_2^1+A_7^2,98,"[(2, 1, 2), (7, 2, 1)]"
1086,A_2^1+B_7^2,98,"[(2, 1, 1), (7, 2, 2)]"
1087,B_2^1+B_7^2,98,"[(2, 1, 2), (7, 2, 2)]"
1088,A_2^1+A_7^1+A_7^1,98,"[(2, 1, 1), (7, 1, 1), (7, 1, 1)]"
1089,B_2^1+A_7^1+A_7^1,98,"[(2, 1, 2), (7, 1, 1), (7, 1, 1)]"
1090,A_3^2+A_11^1,99,"[(3, 2, 1), (11, 1, 1)]"
1091,B_3^2+A_11^1,99,"[(3, 2, 2), (11, 1, 1)]"
1092,A_3^2+B_11^1,99,"[(3, 2, 1), (11, 1, 2)]"
1093,B_3^2+B_11^1,99,"[(3, 2, 2), (11, 1, 2)]"
1094,A_3^1+A_3^1+A_11^1,99,"[(3, 1, 1), (3, 1, 1), (11, 1, 1)]"
1095,A_3^1+A_3^1+B_11^1,99,"[(3, 1, 1), (3, 1, 1), (11, 1, 2)]"
1096,A_2^2+A_5^2,100,"[(2, 2, 1), (5, 2, 1)]"
1097,B_2^2+A_5^2,100,"[(2, 2, 2), (5, 2, 1)]"
1098,C_2^2+A_5^2,100,"[(2, 2, 3), (5, 2, 1)]"
1099,D_2^2+A_5^2,100,"[(2, 2, 4), (5, 2, 1)]"
1100,A_2^2+B_5^2,100,"[(2, 2, 1), (5, 2, 2)]"
1101,B_2^2+B_5^2,100,"[(2, 2, 2), (5, 2, 2)]"
1102,C_2^2+B_5^2,100,"[(2, 2, 3), (5, 2, 2)]"
1103,D_2^2+B_5^2,100,"[(2, 2, 4), (5, 2, 2)]"
1104,A_2^2+A_5^1+A_5^1,100,"[(2, 2, 1), (5, 1, 1), (5, 1, 1)]"
1105,B_2^2+A_5^1+A_5^1,100,"[(2, 2, 2), (5, 1, 1), (5, 1, 1)]"
1106,C_2^2+A_5^1+A_5^1,100,"[(2, 2, 3), (5, 1, 1), (5, 1, 1)]"
1107,D_2^2+A_5^1+A_5^1,100,"[(2, 2, 4), (5, 1, 1), (5, 1, 1)]"
1108,A_2^1+A_2^1+A_5^2,100,"[(2, 1, 1), (2, 1, 1), (5, 2, 1)]"
1109,A_2^1+B_2^1+A_5^2,100,"[(2, 1, 1), (2, 1, 2), (5, 2, 1)]"
1110,B_2^1+B_2^1+A_5^2,100,"[(2, 1, 2), (2, 1, 2), (5, 2, 1)]"
1111,E_2^1+A_5^2,100,"[(2, 1, 5), (5, 2, 1)]"
1112,F_2^1+A_5^2,100,"[(2, 1, 6), (5, 2, 1)]"
1113,A_2^1+A_2^1+B_5^2,100,"[(2, 1, 1), (2, 1, 1), (5, 2, 2)]"
1114,A_2^1+B_2^1+B_5^2,100,"[(2, 1, 1), (2, 1, 2), (5, 2, 2)]"
1115,B_2^1+B_2^1+B_5^2,100,"[(2, 1, 2), (2, 1, 2), (5, 2, 2)]"
1116,E_2^1+B_5^2,100,"[(2, 1, 5), (5, 2, 2)]"
1117,F_2^1+B_5^2,100,"[(2, 1, 6), (5, 2, 2)]"
1118,A_2^1+A_2^1+A_5^1+A_5^1,100,"[(2, 1, 1), (2, 1, 1), (5, 1, 1), (5, 1, 1)]"
1119,A_2^1+B_2^1+A_5^1+A_5^1,100,"[(2, 1, 1), (2, 1, 2), (5, 1, 1), (5, 1, 1)]"
1120,B_2^1+B_2^1+A_5^1+A_5^1,100,"[(2, 1, 2), (2, 1, 2), (5, 1, 1), (5, 1, 1)]"
1121,E_2^1+A_5^1+A_5^1,100,"[(2, 1, 5), (5, 1, 1), (5, 1, 1)]"
1122,F_2^1+A_5^1+A_5^1,100,"[(2, 1, 6), (5, 1, 1), (5, 1, 1)]"
